arm,cohort,row,kind,label,found_iteration,found_error_type,n_seeds,n_misclassified,success_rate,mean_prob,sd_prob,logged_probe_score,pipeline_iter2_prob,pipeline_iter2_wrong
deepseekv4pro,in_v2_train,0,source,negative,0,false_positive,10,0,0.0,0.00148162841796875,0.0002664541691764645,0.98046875,0.00116729736328125,0
deepseekv4pro,in_v2_train,1,source,negative,0,false_positive,10,0,0.0,2.2351741790771484e-05,1.1239475699823857e-05,0.80859375,4.267692565917969e-05,0
deepseekv4pro,in_v2_train,2,source,negative,0,false_positive,10,0,0.0,9.770393371582032e-05,5.10154851207293e-05,1.0,0.0001583099365234375,0
deepseekv4pro,in_v2_train,4,source,negative,0,false_positive,10,0,0.0,0.00615234375,0.0007033328938143835,1.0,0.005218505859375,0
deepseekv4pro,in_v2_train,5,source,negative,0,false_positive,10,0,0.0,0.00023622512817382811,0.000136728097498182,0.94921875,0.00021648406982421875,0
deepseekv4pro,in_v2_train,6,source,negative,0,false_positive,10,0,0.0,3.4797191619873044e-05,8.801677515656283e-06,0.62890625,2.4318695068359375e-05,0
deepseekv4pro,in_v2_train,7,source,negative,0,false_positive,10,0,0.0,0.002733612060546875,0.00047637476224056993,0.94921875,0.002471923828125,0
deepseekv4pro,in_v2_train,8,source,negative,0,false_positive,10,0,0.0,0.0010860443115234375,0.00044740705605792776,1.0,0.0013275146484375,0
deepseekv4pro,in_v2_train,9,source,negative,0,false_positive,10,0,0.0,0.0008092403411865234,0.0004438599242232244,0.99609375,0.000881195068359375,0
deepseekv4pro,in_v2_train,10,source,negative,0,false_positive,10,0,0.0,0.0004681587219238281,0.00026643112823588396,0.9921875,0.00016880035400390625,0
deepseekv4pro,in_v2_train,11,source,negative,0,false_positive,10,0,0.0,0.00449371337890625,0.0005254013685965992,1.0,0.00506591796875,0
deepseekv4pro,in_v2_train,12,source,negative,0,false_positive,10,0,0.0,1.3968348503112793e-05,9.100597296268327e-06,0.60546875,8.940696716308594e-06,0
deepseekv4pro,in_v2_train,13,source,negative,0,false_positive,10,0,0.0,3.27765941619873e-05,1.726261947647317e-05,0.54296875,6.973743438720703e-06,0
deepseekv4pro,in_v2_train,14,source,negative,0,false_positive,10,0,0.0,0.00360870361328125,0.0006842583498593008,0.9296875,0.00360107421875,0
deepseekv4pro,in_v2_train,15,source,negative,0,false_positive,10,0,0.0,0.002739715576171875,0.0006567826072926722,1.0,0.0023956298828125,0
deepseekv4pro,in_v2_train,16,source,negative,0,false_positive,10,0,0.0,0.00336761474609375,0.0007841773950889801,1.0,0.002471923828125,0
deepseekv4pro,in_v2_train,17,source,negative,0,false_positive,10,0,0.0,0.0007452011108398437,0.0004946366680253226,1.0,0.0003147125244140625,0
deepseekv4pro,in_v2_train,18,source,negative,0,false_positive,10,0,0.0,0.0009059906005859375,0.0003846911992681227,0.80078125,0.00057220458984375,0
deepseekv4pro,in_v2_train,19,source,negative,0,false_positive,10,0,0.0,0.00020461082458496095,8.826238767402642e-05,1.0,0.0003681182861328125,0
deepseekv4pro,in_v2_train,20,source,negative,0,false_positive,10,0,0.0,0.0003164768218994141,0.00016271167791551876,0.99609375,0.0002956390380859375,0
deepseekv4pro,in_v2_train,21,source,negative,0,false_positive,10,0,0.0,0.00017839670181274414,8.327343663458126e-05,0.82421875,0.0001316070556640625,0
deepseekv4pro,in_v2_train,22,source,negative,0,false_positive,10,0,0.0,4.858970642089844e-05,1.5394284744409727e-05,0.99609375,4.839897155761719e-05,0
deepseekv4pro,in_v2_train,23,source,negative,0,false_positive,10,0,0.0,1.6826391220092774e-05,6.680156566736785e-06,1.0,5.781650543212891e-06,0
deepseekv4pro,in_v2_train,24,source,negative,0,false_positive,10,0,0.0,0.0024913787841796876,0.0006627540508834535,1.0,0.0037078857421875,0
deepseekv4pro,in_v2_train,25,source,negative,0,false_positive,10,0,0.0,9.98377799987793e-06,4.596218557257303e-06,0.90625,4.798173904418945e-06,0
deepseekv4pro,in_v2_train,26,source,negative,0,false_positive,10,0,0.0,0.000843048095703125,0.00042108894012712444,0.99609375,0.000732421875,0
deepseekv4pro,in_v2_train,27,source,negative,0,false_positive,10,0,0.0,3.057718276977539e-05,9.064305572949183e-06,1.0,1.150369644165039e-05,0
deepseekv4pro,in_v2_train,28,source,negative,0,false_positive,10,0,0.0,0.004430389404296875,0.0028522193246945486,1.0,0.0037078857421875,0
deepseekv4pro,in_v2_train,29,source,negative,0,false_positive,10,0,0.0,0.00014204978942871093,6.333920108725214e-05,1.0,5.14984130859375e-05,0
deepseekv4pro,in_v2_train,30,source,negative,0,false_positive,10,0,0.0,0.00012359619140625,5.4928476336670215e-05,0.99609375,0.000457763671875,0
deepseekv4pro,in_v2_train,31,source,negative,0,false_positive,10,0,0.0,0.004270172119140625,0.005661182166763214,1.0,0.0093994140625,0
deepseekv4pro,in_v2_train,32,source,negative,0,false_positive,10,0,0.0,2.4765729904174805e-05,1.372372407086347e-05,0.99609375,1.895427703857422e-05,0
deepseekv4pro,in_v2_train,33,source,negative,0,false_positive,10,0,0.0,0.0050933837890625,0.0010799610901547228,0.99609375,0.00555419921875,0
deepseekv4pro,in_v2_train,34,source,negative,0,false_positive,10,0,0.0,0.005445098876953125,0.0028981927708477636,0.99609375,0.010986328125,0
deepseekv4pro,in_v2_train,35,source,negative,0,false_positive,10,0,0.0,0.0004345893859863281,0.00017112131878771076,0.71484375,0.0003452301025390625,0
deepseekv4pro,in_v2_train,36,source,negative,0,false_positive,10,0,0.0,0.0009321212768554687,0.00024397508320295015,1.0,0.00057220458984375,0
deepseekv4pro,in_v2_train,37,source,negative,0,false_positive,10,0,0.0,0.00106964111328125,0.0002665209102863338,1.0,0.00113677978515625,0
deepseekv4pro,in_v2_train,38,source,negative,0,false_positive,10,0,0.0,0.0004688262939453125,0.00015279120569269684,0.99609375,0.0003681182861328125,0
deepseekv4pro,in_v2_train,39,source,negative,0,false_positive,10,10,1.0,0.97421875,0.027572210276180054,1.0,0.9765625,1
deepseekv4pro,in_v2_train,40,source,negative,0,false_positive,10,0,0.0,0.002193450927734375,0.00029419646160242375,1.0,0.00170135498046875,0
deepseekv4pro,in_v2_train,41,source,negative,0,false_positive,10,0,0.0,2.6023387908935548e-05,1.1724475874954578e-05,0.99609375,9.5367431640625e-06,0
deepseekv4pro,in_v2_train,42,source,negative,0,false_positive,10,0,0.0,6.157159805297852e-05,2.97404415042757e-05,0.9921875,2.1457672119140625e-05,0
deepseekv4pro,in_v2_train,43,source,negative,0,false_positive,10,0,0.0,0.001712799072265625,0.0005703564219421669,1.0,0.0021209716796875,0
deepseekv4pro,in_v2_train,44,source,negative,0,false_positive,10,0,0.0,0.13046875,0.10686545792306759,0.99609375,0.12255859375,0
deepseekv4pro,in_v2_train,45,source,negative,0,false_positive,10,0,0.0,0.0012096405029296876,0.0003243188222446524,1.0,0.0007781982421875,0
deepseekv4pro,in_v2_train,46,source,negative,0,false_positive,10,0,0.0,6.10053539276123e-06,1.1971362044816784e-06,1.0,6.973743438720703e-06,0
deepseekv4pro,in_v2_train,47,source,negative,0,false_positive,10,0,0.0,0.001119232177734375,0.00033084274110311646,0.99609375,0.0013275146484375,0
deepseekv4pro,in_v2_train,48,source,negative,0,false_positive,10,0,0.0,0.0016632080078125,0.00039989479501855585,1.0,0.00186920166015625,0
deepseekv4pro,in_v2_train,50,source,negative,0,false_positive,10,0,0.0,0.001790618896484375,0.0003059176857667516,0.97265625,0.00164794921875,0
deepseekv4pro,in_v2_train,51,source,negative,0,false_positive,10,0,0.0,1.659691333770752e-05,7.752251199649487e-06,0.9921875,2.586841583251953e-05,0
deepseekv4pro,in_v2_train,52,source,negative,0,false_positive,10,0,0.0,1.787245273590088e-05,7.3024819196931e-06,0.98046875,1.150369644165039e-05,0
deepseekv4pro,in_v2_train,53,source,negative,0,false_positive,10,0,0.0,2.1415948867797852e-05,1.2051314665713127e-05,0.9921875,1.3828277587890625e-05,0
deepseekv4pro,in_v2_train,54,source,negative,0,false_positive,10,0,0.0,4.493594169616699e-05,2.481298161897593e-05,0.98828125,5.4836273193359375e-05,0
deepseekv4pro,in_v2_train,55,source,negative,0,false_positive,10,0,0.0,0.000638580322265625,0.0002766229854887066,1.0,0.000827789306640625,0
deepseekv4pro,in_v2_train,56,source,negative,0,false_positive,10,0,0.0,6.137788295745849e-06,2.428401154114578e-06,0.9921875,3.9637088775634766e-06,0
deepseekv4pro,in_v2_train,57,source,negative,0,false_positive,10,0,0.0,3.4689903259277344e-05,1.1276047804460748e-05,1.0,5.14984130859375e-05,0
deepseekv4pro,in_v2_train,58,source,negative,0,false_positive,10,0,0.0,0.00010275840759277344,5.6539675681351455e-05,0.99609375,4.5299530029296875e-05,0
deepseekv4pro,in_v2_train,59,source,negative,0,false_positive,10,0,0.0,3.0171871185302734e-05,1.9697945877320477e-05,0.9921875,8.404254913330078e-06,0
deepseekv4pro,in_v2_train,60,source,negative,0,false_positive,10,0,0.0,0.00094451904296875,0.0003558349027755396,0.75390625,0.0004177093505859375,0
deepseekv4pro,in_v2_train,61,source,negative,0,false_positive,10,0,0.0,0.00046782493591308595,0.00032828063010897543,0.6875,0.000335693359375,0
deepseekv4pro,in_v2_train,62,source,negative,0,false_positive,10,0,0.0,6.880760192871094e-05,3.422673805477637e-05,1.0,5.14984130859375e-05,0
deepseekv4pro,in_v2_train,63,source,negative,0,false_positive,10,0,0.0,0.00452880859375,0.0004411171385505147,1.0,0.004058837890625,0
deepseekv4pro,in_v2_train,64,source,negative,0,false_positive,10,0,0.0,0.00010037422180175781,0.00011844922524834518,0.9921875,5.4836273193359375e-05,0
deepseekv4pro,in_v2_train,65,source,negative,0,false_positive,10,0,0.0,3.6343932151794434e-06,1.0439430661834707e-06,0.94921875,3.5017728805541992e-06,0
deepseekv4pro,in_v2_train,66,source,negative,0,false_positive,10,0,0.0,1.2981891632080079e-05,5.841984995190344e-06,0.99609375,5.424022674560547e-06,0
deepseekv4pro,in_v2_train,67,source,negative,0,false_positive,10,0,0.0,3.383159637451172e-05,1.724806415079457e-05,0.9921875,3.123283386230469e-05,0
deepseekv4pro,in_v2_train,68,source,negative,0,false_positive,10,0,0.0,0.000817108154296875,0.00015781560316171798,0.98046875,0.000911712646484375,0
deepseekv4pro,in_v2_train,69,source,negative,0,false_positive,10,0,0.0,0.0002925395965576172,0.00011151721612168166,1.0,0.000335693359375,0
deepseekv4pro,in_v2_train,70,source,negative,0,false_positive,10,0,0.0,7.891654968261719e-06,2.621128890622754e-06,0.98828125,5.0961971282958984e-06,0
deepseekv4pro,in_v2_train,71,source,negative,0,false_positive,10,0,0.0,0.00013103485107421876,5.364308532727612e-05,1.0,9.012222290039062e-05,0
deepseekv4pro,in_v2_train,72,source,negative,0,false_positive,10,0,0.0,0.0036956787109375,0.0007458896768410682,0.98828125,0.00421142578125,0
deepseekv4pro,in_v2_train,73,source,negative,0,false_positive,10,0,0.0,0.0005656242370605469,0.0003095722249246849,1.0,0.000457763671875,0
deepseekv4pro,in_v2_train,74,source,negative,0,false_positive,10,0,0.0,0.002025604248046875,0.00033525476799736335,1.0,0.002044677734375,0
deepseekv4pro,in_v2_train,75,source,negative,0,false_positive,10,0,0.0,0.00010747909545898438,3.87496494260317e-05,1.0,8.487701416015625e-05,0
deepseekv4pro,in_v2_train,76,source,negative,0,false_positive,10,0,0.0,3.503262996673584e-06,9.54616814786342e-07,0.96875,2.726912498474121e-06,0
deepseekv4pro,in_v2_train,77,source,negative,0,false_positive,10,0,0.0,0.0006870269775390625,0.00029161552432468177,1.0,0.000518798828125,0
deepseekv4pro,in_v2_train,79,source,negative,0,false_positive,10,0,0.0,6.0617923736572266e-05,2.714200324147586e-05,0.76953125,5.14984130859375e-05,0
deepseekv4pro,in_v2_train,80,source,negative,0,false_positive,10,0,0.0,0.0019624710083007814,0.0013478382426779106,1.0,0.000667572021484375,0
deepseekv4pro,in_v2_train,81,source,negative,0,false_positive,10,0,0.0,5.2821636199951175e-05,3.358630852850488e-05,0.99609375,4.839897155761719e-05,0
deepseekv4pro,in_v2_train,82,source,negative,0,false_positive,10,0,0.0,1.0125339031219482e-05,3.1570091023746416e-06,0.98828125,5.781650543212891e-06,0
deepseekv4pro,in_v2_train,84,source,negative,0,false_positive,10,0,0.0,3.3259391784667967e-06,1.1966744767816882e-06,0.99609375,3.725290298461914e-06,0
deepseekv4pro,in_v2_train,85,source,negative,0,false_positive,10,0,0.0,0.0001456737518310547,4.1125649961848404e-05,0.99609375,4.267692565917969e-05,0
deepseekv4pro,in_v2_train,86,source,negative,0,false_positive,10,0,0.0,0.0004810333251953125,0.00015685370497551791,0.7734375,0.00020313262939453125,0
deepseekv4pro,in_v2_train,87,source,negative,0,false_positive,10,0,0.0,1.3431906700134277e-05,5.213694632128004e-06,0.99609375,7.867813110351562e-06,0
deepseekv4pro,in_v2_train,88,source,negative,0,false_positive,10,0,0.0,9.815692901611328e-05,3.989348369079326e-05,0.93359375,0.00019073486328125,0
deepseekv4pro,in_v2_train,89,source,negative,0,false_positive,10,0,0.0,0.004993438720703125,0.003656763572484858,1.0,0.004913330078125,0
deepseekv4pro,in_v2_train,90,source,negative,0,false_positive,10,0,0.0,1.2451410293579102e-05,2.5855334905997986e-06,1.0,1.895427703857422e-05,0
deepseekv4pro,in_v2_train,91,source,negative,0,false_positive,10,0,0.0,0.00037994384765625,0.0001392344179977684,0.9921875,0.0003795623779296875,0
deepseekv4pro,in_v2_train,92,source,negative,0,false_positive,10,0,0.0,0.0005260467529296875,0.0002343268339458599,0.96875,0.0003566741943359375,0
deepseekv4pro,in_v2_train,93,source,negative,0,false_positive,10,0,0.0,6.375312805175781e-05,2.0600554840054824e-05,1.0,0.00012302398681640625,0
deepseekv4pro,in_v2_train,94,source,negative,0,false_positive,10,0,0.0,4.065036773681641e-06,1.4524500855867113e-06,0.99609375,2.2649765014648438e-06,0
deepseekv4pro,in_v2_train,95,source,negative,0,false_positive,10,0,0.0,1.569986343383789e-05,4.126298684178712e-06,0.99609375,1.0788440704345703e-05,0
deepseekv4pro,in_v2_train,96,source,negative,0,false_positive,10,0,0.0,8.088350296020508e-05,7.264213360905168e-05,0.91796875,5.817413330078125e-05,0
deepseekv4pro,in_v2_train,97,source,negative,0,false_positive,10,0,0.0,0.0005941390991210938,0.00019150947528471705,1.0,0.0008544921875,0
deepseekv4pro,in_v2_train,98,source,negative,0,false_positive,10,0,0.0,0.00020418167114257812,0.00010477448162539112,1.0,0.00014019012451171875,0
deepseekv4pro,in_v2_train,99,source,negative,0,false_positive,10,0,0.0,6.657838821411133e-06,1.358047355528592e-06,0.97265625,5.781650543212891e-06,0
deepseekv4pro,in_v2_train,100,source,negative,0,false_positive,10,0,0.0,0.00010061264038085938,4.926650709777167e-05,1.0,0.000148773193359375,0
deepseekv4pro,in_v2_train,101,source,negative,0,false_positive,10,0,0.0,3.0046701431274415e-05,9.500266972642034e-06,0.9921875,2.1457672119140625e-05,0
deepseekv4pro,in_v2_train,102,source,negative,0,false_positive,10,0,0.0,0.001196575164794922,0.0007062909740974513,0.921875,0.000732421875,0
deepseekv4pro,in_v2_train,103,source,negative,0,false_positive,10,10,1.0,0.98359375,0.01644959551807683,0.54296875,0.9921875,1
deepseekv4pro,in_v2_train,104,source,negative,0,false_positive,10,0,0.0,3.007054328918457e-06,6.599567862540137e-07,0.8984375,2.2649765014648438e-06,0
deepseekv4pro,in_v2_train,105,source,negative,0,false_positive,10,0,0.0,0.0001365184783935547,5.809810669953598e-05,1.0,0.0002307891845703125,0
deepseekv4pro,in_v2_train,106,source,negative,0,false_positive,10,0,0.0,6.0725212097167966e-05,2.1510897075468006e-05,1.0,4.5299530029296875e-05,0
deepseekv4pro,in_v2_train,107,source,negative,0,false_positive,10,0,0.0,0.0015232086181640625,0.00037464414409403855,0.97265625,0.00099945068359375,0
deepseekv4pro,in_v2_train,108,source,negative,0,false_positive,10,0,0.0,8.697509765625e-05,3.269645191877054e-05,0.98046875,3.7670135498046875e-05,0
deepseekv4pro,in_v2_train,109,source,negative,0,false_positive,10,0,0.0,8.815526962280273e-05,4.102051721489238e-05,0.9921875,4.5299530029296875e-05,0
deepseekv4pro,in_v2_train,110,source,negative,0,false_positive,10,0,0.0,0.0008241653442382813,0.00026599813795803154,1.0,0.000732421875,0
deepseekv4pro,in_v2_train,111,source,negative,0,false_positive,10,0,0.0,0.000775909423828125,0.00034326717727490896,0.9921875,0.000148773193359375,0
deepseekv4pro,in_v2_train,112,source,negative,0,false_positive,10,0,0.0,0.000888824462890625,0.00019328636017481205,0.96875,0.000553131103515625,0
deepseekv4pro,in_v2_train,113,source,negative,0,false_positive,10,0,0.0,0.0004258155822753906,0.0002064039760952558,0.96875,0.0006256103515625,0
deepseekv4pro,in_v2_train,114,source,negative,0,false_positive,10,0,0.0,0.00023756027221679687,0.00017082203423066507,1.0,0.0002307891845703125,0
deepseekv4pro,in_v2_train,115,source,negative,0,false_positive,10,0,0.0,0.0001423358917236328,7.54495926114547e-05,0.98046875,0.00010251998901367188,0
deepseekv4pro,in_v2_train,116,source,negative,0,false_positive,10,0,0.0,0.0002667427062988281,0.00010980105587925202,0.94921875,0.00014019012451171875,0
deepseekv4pro,in_v2_train,117,source,negative,0,false_positive,10,0,0.0,0.00042057037353515625,0.0001306104473472709,1.0,0.0006866455078125,0
deepseekv4pro,in_v2_train,118,source,negative,0,false_positive,10,0,0.0,1.7933547496795654e-05,1.0708910824743915e-05,0.96875,2.9325485229492188e-05,0
deepseekv4pro,in_v2_train,119,source,negative,0,false_positive,10,0,0.0,0.00014303922653198243,6.610901121831476e-05,0.9921875,0.00012302398681640625,0
deepseekv4pro,in_v2_train,120,source,negative,0,false_positive,10,0,0.0,0.0003632545471191406,0.00019698111647137152,0.87890625,0.000179290771484375,0
deepseekv4pro,in_v2_train,121,source,negative,0,false_positive,10,0,0.0,0.00157623291015625,0.0005406436812199583,0.9375,0.00093841552734375,0
deepseekv4pro,in_v2_train,122,source,negative,0,false_positive,10,0,0.0,0.000370025634765625,0.00012073515171709123,0.98046875,0.000644683837890625,0
deepseekv4pro,in_v2_train,123,source,negative,0,false_positive,10,0,0.0,0.0011592864990234374,0.00022661321045552404,0.99609375,0.00113677978515625,0
deepseekv4pro,in_v2_train,124,source,negative,0,false_positive,10,0,0.0,5.148351192474365e-06,1.6114893748572883e-06,0.94921875,5.781650543212891e-06,0
deepseekv4pro,in_v2_train,125,source,negative,0,false_positive,10,0,0.0,4.564523696899414e-05,2.525114584296293e-05,0.99609375,4.5299530029296875e-05,0
deepseekv4pro,in_v2_train,126,source,negative,0,false_positive,10,0,0.0,2.752244472503662e-06,9.55123233245524e-07,0.8515625,2.2649765014648438e-06,0
deepseekv4pro,in_v2_train,127,source,negative,0,false_positive,10,0,0.0,0.00017309188842773438,4.874842152076103e-05,0.9921875,0.0002613067626953125,0
deepseekv4pro,in_v2_train,128,source,negative,0,false_positive,10,0,0.0,0.0002938747406005859,0.00015706669047572751,0.9921875,0.0002307891845703125,0
deepseekv4pro,in_v2_train,129,source,negative,0,false_positive,10,0,0.0,0.00148773193359375,0.00037228874298432014,0.9609375,0.00154876708984375,0
deepseekv4pro,in_v2_train,130,source,negative,0,false_positive,10,0,0.0,1.1745095252990723e-05,4.662483144469042e-06,0.9375,6.5267086029052734e-06,0
deepseekv4pro,in_v2_train,131,source,negative,0,false_positive,10,0,0.0,1.214444637298584e-05,4.779766668022245e-06,1.0,8.940696716308594e-06,0
deepseekv4pro,in_v2_train,134,source,negative,0,false_positive,10,0,0.0,2.1636486053466797e-05,1.134062670915657e-05,0.9921875,6.198883056640625e-05,0
deepseekv4pro,in_v2_train,135,source,negative,0,false_positive,10,0,0.0,0.001444244384765625,0.0003484006634752657,1.0,0.00102996826171875,0
deepseekv4pro,in_v2_train,136,source,negative,0,false_positive,10,0,0.0,4.2492151260375975e-05,2.1832780813075943e-05,0.94140625,2.1457672119140625e-05,0
deepseekv4pro,in_v2_train,138,source,negative,0,false_positive,10,0,0.0,9.968876838684082e-06,4.470265573158907e-06,0.703125,5.781650543212891e-06,0
deepseekv4pro,in_v2_train,139,source,negative,0,false_positive,10,0,0.0,0.00015532970428466797,7.387909629153132e-05,0.89453125,0.0002307891845703125,0
deepseekv4pro,in_v2_train,140,source,negative,0,false_positive,10,0,0.0,0.00017142295837402344,0.00010377372356805974,0.95703125,9.632110595703125e-05,0
deepseekv4pro,in_v2_train,141,source,negative,0,false_positive,10,0,0.0,0.0008218765258789062,0.0003462775552640159,1.0,0.0012054443359375,0
deepseekv4pro,in_v2_train,142,source,negative,0,false_positive,10,0,0.0,3.523826599121094e-05,2.1361275033839193e-05,0.98828125,9.5367431640625e-06,0
deepseekv4pro,in_v2_train,144,source,negative,0,false_positive,10,0,0.0,0.00246734619140625,0.0005781047533974828,1.0,0.0021820068359375,0
deepseekv4pro,in_v2_train,145,source,negative,0,false_positive,10,0,0.0,0.00020279884338378907,6.02133924265069e-05,0.921875,0.00016880035400390625,0
deepseekv4pro,in_v2_train,147,source,negative,0,false_positive,10,0,0.0,0.0007646560668945312,0.0004081661208004756,0.9609375,0.000804901123046875,0
deepseekv4pro,in_v2_train,148,source,negative,0,false_positive,10,0,0.0,8.296966552734375e-05,3.392886168186855e-05,0.9375,6.198883056640625e-05,0
deepseekv4pro,in_v2_train,149,source,negative,1,false_positive,10,10,1.0,0.9828125,0.02409381980462579,0.7578125,1.0,1
deepseekv4pro,in_v2_train,150,source,negative,1,false_positive,10,0,0.0,0.0011136531829833984,0.0005563483111508101,0.515625,0.001983642578125,0
deepseekv4pro,in_v2_train,152,source,negative,1,false_positive,10,0,0.0,0.00294342041015625,0.000571495464458112,0.59765625,0.00170135498046875,0
deepseekv4pro,in_v2_train,154,source,negative,1,false_positive,10,0,0.0,0.005963134765625,0.0006261187712738497,0.9921875,0.006103515625,0
deepseekv4pro,in_v2_train,198,source,positive,1,false_negative,10,9,0.9,0.139837646484375,0.18528193794235437,0.09423828125,0.07177734375,1
deepseekv4pro,in_v2_train,200,source,positive,1,false_negative,10,0,0.0,0.99921875,0.0016470196146710309,0.25,1.0,0
deepseekv4pro,in_v2_train,201,source,positive,1,false_negative,10,0,0.0,0.99921875,0.0016470196146710309,0.4140625,1.0,0
deepseekv4pro,in_v2_train,202,source,positive,1,false_negative,10,0,0.0,0.998828125,0.0018868980138267496,3.7670135498046875e-05,0.99609375,0
deepseekv4pro,in_v2_train,203,source,positive,1,false_negative,10,0,0.0,0.996484375,0.0012352647110032732,0.12353515625,0.99609375,0
deepseekv4pro,in_v2_train,204,source,positive,1,false_negative,10,0,0.0,0.998046875,0.0020587745183387888,0.0091552734375,0.99609375,0
deepseekv4pro,in_v2_train,205,source,positive,1,false_negative,10,0,0.0,1.0,0.0,0.3203125,1.0,0
deepseekv4pro,in_v2_train,206,source,positive,1,false_negative,10,0,0.0,0.969921875,0.020175990279720127,0.0128173828125,0.96484375,0
deepseekv4pro,in_v2_train,207,source,positive,1,false_negative,10,0,0.0,0.996875,0.0016470196146710309,0.0247802734375,1.0,0
deepseekv4pro,in_v2_train,208,source,positive,1,false_negative,10,0,0.0,0.9984375,0.003773796027653499,0.000667572021484375,1.0,0
deepseekv4pro,in_v2_train,209,source,positive,1,false_negative,10,0,0.0,0.998828125,0.0018868980138267496,0.314453125,0.99609375,0
deepseekv4pro,in_v2_train,210,source,positive,1,false_negative,10,0,0.0,1.0,0.0,0.0021820068359375,1.0,0
deepseekv4pro,in_v2_train,211,source,positive,1,false_negative,10,0,0.0,0.998046875,0.0020587745183387888,0.0361328125,1.0,0
deepseekv4pro,in_v2_train,212,source,positive,1,false_negative,10,0,0.0,1.0,0.0,0.0223388671875,1.0,0
deepseekv4pro,in_v2_train,213,source,positive,1,false_negative,10,0,0.0,1.0,0.0,0.494140625,1.0,0
deepseekv4pro,in_v2_train,214,source,positive,1,false_negative,10,0,0.0,1.0,0.0,0.341796875,1.0,0
deepseekv4pro,in_v2_train,215,source,positive,1,false_negative,10,0,0.0,0.999609375,0.0012352647110032732,0.002716064453125,1.0,0
deepseekv4pro,in_v2_train,216,source,positive,1,false_negative,10,0,0.0,1.0,0.0,0.10498046875,1.0,0
deepseekv4pro,in_v2_train,217,source,positive,1,false_negative,10,0,0.0,1.0,0.0,0.0003147125244140625,0.99609375,0
deepseekv4pro,in_v2_train,218,source,positive,1,false_negative,10,0,0.0,1.0,0.0,0.369140625,1.0,0
deepseekv4pro,in_v2_train,219,source,positive,1,false_negative,10,0,0.0,1.0,0.0,0.0091552734375,1.0,0
deepseekv4pro,in_v2_train,220,source,positive,1,false_negative,10,0,0.0,0.9984375,0.002017178826149696,0.04736328125,0.99609375,0
deepseekv4pro,in_v2_train,221,source,positive,1,false_negative,10,0,0.0,1.0,0.0,0.4140625,1.0,0
deepseekv4pro,in_v2_train,222,source,positive,1,false_negative,10,0,0.0,0.99921875,0.0016470196146710309,0.0078125,0.99609375,0
deepseekv4pro,in_v2_train,223,source,positive,1,false_negative,10,0,0.0,1.0,0.0,0.0263671875,0.99609375,0
deepseekv4pro,in_v2_train,224,source,positive,1,false_negative,10,0,0.0,1.0,0.0,0.49609375,1.0,0
deepseekv4pro,in_v2_train,225,source,positive,1,false_negative,10,0,0.0,0.998828125,0.0018868980138267498,0.03369140625,0.99609375,0
deepseekv4pro,in_v2_train,226,source,positive,1,false_negative,10,0,0.0,1.0,0.0,0.228515625,1.0,0
deepseekv4pro,in_v2_train,227,source,positive,1,false_negative,10,0,0.0,0.998828125,0.0018868980138267496,1.2993812561035156e-05,0.99609375,0
deepseekv4pro,in_v2_train,228,source,positive,1,false_negative,10,0,0.0,0.98203125,0.022492523835092898,0.007568359375,0.9921875,0
deepseekv4pro,in_v2_train,229,source,positive,1,false_negative,10,0,0.0,1.0,0.0,0.1396484375,1.0,0
deepseekv4pro,in_v2_train,230,source,positive,1,false_negative,10,0,0.0,0.99921875,0.0016470196146710309,0.04736328125,1.0,0
deepseekv4pro,in_v2_train,231,source,positive,1,false_negative,10,0,0.0,0.986328125,0.006951222820332885,0.002044677734375,0.984375,0
deepseekv4pro,in_v2_train,232,source,positive,1,false_negative,10,0,0.0,0.999609375,0.0012352647110032732,0.078125,1.0,0
deepseekv4pro,in_v2_train,233,source,positive,1,false_negative,10,0,0.0,0.99921875,0.0016470196146710309,0.37109375,1.0,0
deepseekv4pro,in_v2_train,234,source,positive,1,false_negative,10,0,0.0,1.0,0.0,5.781650543212891e-06,1.0,0
deepseekv4pro,in_v2_train,235,source,positive,1,false_negative,10,0,0.0,1.0,0.0,0.00016880035400390625,1.0,0
deepseekv4pro,in_v2_train,236,source,positive,1,false_negative,10,0,0.0,0.99921875,0.0016470196146710309,9.5367431640625e-06,1.0,0
deepseekv4pro,in_v2_train,237,source,positive,1,false_negative,10,5,0.5,0.460595703125,0.2853570332845145,0.0028076171875,0.2578125,1
deepseekv4pro,in_v2_train,238,source,positive,1,false_negative,10,0,0.0,0.998828125,0.0018868980138267496,0.002716064453125,0.99609375,0
deepseekv4pro,in_v2_train,239,source,positive,1,false_negative,10,0,0.0,0.996875,0.0016470196146710309,0.000827789306640625,0.99609375,0
deepseekv4pro,in_v2_train,240,source,positive,1,false_negative,10,0,0.0,0.998828125,0.0018868980138267496,2.1457672119140625e-05,0.99609375,0
deepseekv4pro,in_v2_train,241,source,positive,1,false_negative,10,0,0.0,0.999609375,0.0012352647110032732,4.00543212890625e-05,0.99609375,0
deepseekv4pro,in_v2_train,242,source,positive,1,false_negative,10,0,0.0,1.0,0.0,0.0038299560546875,1.0,0
deepseekv4pro,in_v2_train,244,source,positive,1,false_negative,10,0,0.0,1.0,0.0,0.002716064453125,1.0,0
deepseekv4pro,in_v2_train,245,source,positive,1,false_negative,10,0,0.0,1.0,0.0,0.314453125,1.0,0
deepseekv4pro,in_v2_train,246,source,positive,1,false_negative,10,0,0.0,1.0,0.0,8.487701416015625e-05,1.0,0
deepseekv4pro,in_v2_train,247,source,positive,1,false_negative,10,0,0.0,1.0,0.0,0.00225830078125,1.0,0
deepseekv4pro,in_v2_train,248,source,positive,1,false_negative,10,0,0.0,0.998828125,0.0018868980138267498,0.00010251998901367188,1.0,0
deepseekv4pro,in_v2_train,250,source,positive,1,false_negative,10,0,0.0,1.0,0.0,0.47265625,1.0,0
deepseekv4pro,in_v2_train,251,source,positive,1,false_negative,10,0,0.0,1.0,0.0,0.048095703125,1.0,0
deepseekv4pro,in_v2_train,252,source,positive,1,false_negative,10,0,0.0,1.0,0.0,0.00830078125,0.99609375,0
deepseekv4pro,in_v2_train,253,source,positive,1,false_negative,10,0,0.0,1.0,0.0,0.0673828125,1.0,0
deepseekv4pro,in_v2_train,254,source,positive,1,false_negative,10,0,0.0,0.999609375,0.0012352647110032732,6.973743438720703e-06,1.0,0
deepseekv4pro,in_v2_train,255,source,positive,1,false_negative,10,0,0.0,0.999609375,0.0012352647110032732,0.02099609375,0.99609375,0
deepseekv4pro,in_v2_train,256,source,positive,1,false_negative,10,0,0.0,0.999609375,0.0012352647110032732,0.0013275146484375,1.0,0
deepseekv4pro,in_v2_train,257,source,positive,1,false_negative,10,0,0.0,0.998046875,0.0020587745183387888,0.00592041015625,0.99609375,0
deepseekv4pro,in_v2_train,258,source,positive,1,false_negative,10,0,0.0,1.0,0.0,0.00225830078125,1.0,0
deepseekv4pro,in_v2_train,259,source,positive,1,false_negative,10,0,0.0,1.0,0.0,0.0047607421875,1.0,0
deepseekv4pro,in_v2_train,260,source,positive,1,false_negative,10,0,0.0,0.997265625,0.0018868980138267498,0.00262451171875,1.0,0
deepseekv4pro,in_v2_train,261,source,positive,1,false_negative,10,0,0.0,1.0,0.0,0.000335693359375,1.0,0
deepseekv4pro,in_v2_train,262,source,positive,1,false_negative,10,0,0.0,1.0,0.0,0.32421875,1.0,0
deepseekv4pro,in_v2_train,263,source,positive,1,false_negative,10,0,0.0,0.999609375,0.0012352647110032732,0.06640625,0.99609375,0
deepseekv4pro,in_v2_train,264,source,positive,1,false_negative,10,0,0.0,1.0,0.0,0.248046875,1.0,0
deepseekv4pro,in_v2_train,265,source,positive,1,false_negative,10,0,0.0,1.0,0.0,0.015869140625,1.0,0
deepseekv4pro,in_v2_train,266,source,positive,1,false_negative,10,0,0.0,0.996875,0.0016470196146710309,0.0017547607421875,0.99609375,0
deepseekv4pro,in_v2_train,267,source,positive,1,false_negative,10,0,0.0,0.9984375,0.002017178826149696,0.08642578125,1.0,0
deepseekv4pro,in_v2_train,268,source,positive,1,false_negative,10,0,0.0,0.99765625,0.002017178826149696,0.0028839111328125,1.0,0
deepseekv4pro,in_v2_train,269,source,positive,1,false_negative,10,0,0.0,0.99921875,0.0016470196146710309,0.0361328125,1.0,0
deepseekv4pro,in_v2_train,270,source,positive,1,false_negative,10,10,1.0,0.174267578125,0.08371534209264536,0.1943359375,0.2578125,1
deepseekv4pro,in_v2_train,271,source,positive,1,false_negative,10,0,0.0,1.0,0.0,0.06103515625,1.0,0
deepseekv4pro,in_v2_train,272,source,positive,1,false_negative,10,0,0.0,0.999609375,0.0012352647110032732,0.0216064453125,1.0,0
deepseekv4pro,in_v2_train,273,source,positive,1,false_negative,10,0,0.0,1.0,0.0,0.0361328125,1.0,0
deepseekv4pro,in_v2_train,274,source,positive,1,false_negative,10,0,0.0,0.92421875,0.110947891727691,6.5267086029052734e-06,0.95703125,0
deepseekv4pro,in_v2_train,275,source,positive,1,false_negative,10,0,0.0,0.998046875,0.0020587745183387888,0.033203125,1.0,0
deepseekv4pro,in_v2_train,276,source,positive,1,false_negative,10,0,0.0,1.0,0.0,0.15234375,1.0,0
deepseekv4pro,in_v2_train,277,source,positive,1,false_negative,10,0,0.0,0.996875,0.0016470196146710309,0.2001953125,1.0,0
deepseekv4pro,in_v2_train,278,source,positive,1,false_negative,10,4,0.4,0.5248046875,0.11623983869727678,0.00628662109375,0.54296875,0
deepseekv4pro,in_v2_train,279,source,positive,1,false_negative,10,0,0.0,0.999609375,0.0012352647110032732,1.4722347259521484e-05,1.0,0
deepseekv4pro,in_v2_train,280,source,positive,1,false_negative,10,0,0.0,1.0,0.0,0.2197265625,1.0,0
deepseekv4pro,in_v2_train,281,source,positive,1,false_negative,10,0,0.0,1.0,0.0,0.24609375,0.99609375,0
deepseekv4pro,in_v2_train,282,source,positive,1,false_negative,10,0,0.0,1.0,0.0,0.2041015625,1.0,0
deepseekv4pro,in_v2_train,283,source,positive,1,false_negative,10,0,0.0,1.0,0.0,0.21484375,1.0,0
deepseekv4pro,in_v2_train,284,source,positive,1,false_negative,10,10,1.0,0.10146484375,0.044707030538945314,0.000278472900390625,0.1708984375,1
deepseekv4pro,in_v2_train,285,source,positive,1,false_negative,10,0,0.0,1.0,0.0,0.1787109375,1.0,0
deepseekv4pro,in_v2_train,286,source,positive,1,false_negative,10,0,0.0,1.0,0.0,0.02197265625,1.0,0
deepseekv4pro,in_v2_train,287,source,positive,1,false_negative,10,0,0.0,1.0,0.0,0.0179443359375,1.0,0
deepseekv4pro,in_v2_train,288,source,positive,1,false_negative,10,0,0.0,1.0,0.0,0.2216796875,1.0,0
deepseekv4pro,in_v2_train,289,source,positive,1,false_negative,10,0,0.0,1.0,0.0,0.02978515625,0.99609375,0
deepseekv4pro,in_v2_train,290,source,positive,1,false_negative,10,0,0.0,1.0,0.0,0.019775390625,1.0,0
deepseekv4pro,in_v2_train,291,source,positive,1,false_negative,10,10,1.0,0.0349853515625,0.015052390969904468,0.000431060791015625,0.07568359375,1
deepseekv4pro,in_v2_train,292,source,positive,1,false_negative,10,0,0.0,1.0,0.0,0.0203857421875,1.0,0
deepseekv4pro,in_v2_train,293,source,positive,1,false_negative,10,0,0.0,0.99921875,0.0016470196146710309,0.00016880035400390625,1.0,0
deepseekv4pro,in_v2_train,295,source,positive,1,false_negative,10,0,0.0,1.0,0.0,0.0029754638671875,1.0,0
deepseekv4pro,in_v2_train,296,source,positive,1,false_negative,10,0,0.0,1.0,0.0,0.000732421875,1.0,0
deepseekv4pro,in_v2_train,297,source,positive,1,false_negative,10,0,0.0,1.0,0.0,0.0029754638671875,1.0,0
deepseekv4pro,in_v2_train,298,source,positive,1,false_negative,10,0,0.0,1.0,0.0,0.032470703125,1.0,0
deepseekv4pro,in_v2_train,299,source,positive,1,false_negative,10,0,0.0,0.99765625,0.002017178826149696,0.33984375,1.0,0
deepseekv4pro,in_v2_train,300,source,positive,1,false_negative,10,0,0.0,1.0,0.0,0.00689697265625,1.0,0
deepseekv4pro,in_v2_train,301,source,positive,1,false_negative,10,0,0.0,1.0,0.0,0.138671875,1.0,0
deepseekv4pro,in_v2_train,302,source,positive,1,false_negative,10,0,0.0,0.999609375,0.0012352647110032732,2.276897430419922e-05,1.0,0
deepseekv4pro,in_v2_train,303,source,positive,1,false_negative,10,0,0.0,1.0,0.0,0.375,1.0,0
deepseekv4pro,in_v2_train,304,source,positive,1,false_negative,10,0,0.0,0.996875,0.0016470196146710309,0.0029754638671875,0.99609375,0
deepseekv4pro,in_v2_train,305,source,positive,1,false_negative,10,0,0.0,1.0,0.0,0.4609375,1.0,0
deepseekv4pro,in_v2_train,306,source,positive,1,false_negative,10,0,0.0,0.999609375,0.0012352647110032732,0.0008544921875,1.0,0
deepseekv4pro,in_v2_train,307,source,positive,1,false_negative,10,0,0.0,1.0,0.0,0.068359375,1.0,0
deepseekv4pro,in_v2_train,308,source,positive,1,false_negative,10,0,0.0,0.999609375,0.0012352647110032732,0.0693359375,1.0,0
deepseekv4pro,in_v2_train,309,source,positive,1,false_negative,10,0,0.0,1.0,0.0,0.000804901123046875,1.0,0
deepseekv4pro,in_v2_train,310,source,positive,1,false_negative,10,0,0.0,1.0,0.0,0.1669921875,1.0,0
deepseekv4pro,in_v2_train,311,source,positive,1,false_negative,10,0,0.0,0.999609375,0.0012352647110032732,0.197265625,1.0,0
deepseekv4pro,in_v2_train,313,source,positive,1,false_negative,10,0,0.0,0.99765625,0.002017178826149696,0.004058837890625,0.99609375,0
deepseekv4pro,in_v2_train,314,source,positive,1,false_negative,10,10,1.0,0.0653076171875,0.06207987193244602,0.00012302398681640625,0.0174560546875,1
deepseekv4pro,in_v2_train,315,source,positive,1,false_negative,10,0,0.0,1.0,0.0,0.140625,1.0,0
deepseekv4pro,in_v2_train,316,source,positive,1,false_negative,10,0,0.0,1.0,0.0,0.0361328125,1.0,0
deepseekv4pro,in_v2_train,317,source,positive,1,false_negative,10,0,0.0,0.999609375,0.0012352647110032732,0.040283203125,1.0,0
deepseekv4pro,in_v2_train,318,source,positive,1,false_negative,10,0,0.0,0.99609375,0.0018414239093399675,0.051025390625,0.99609375,0
deepseekv4pro,in_v2_train,319,source,positive,1,false_negative,10,0,0.0,1.0,0.0,0.0057373046875,1.0,0
deepseekv4pro,in_v2_train,320,source,positive,1,false_negative,10,0,0.0,1.0,0.0,0.040771484375,1.0,0
deepseekv4pro,in_v2_train,321,source,positive,1,false_negative,10,0,0.0,0.999609375,0.0012352647110032732,0.0001583099365234375,1.0,0
deepseekv4pro,in_v2_train,322,source,positive,1,false_negative,10,0,0.0,0.998046875,0.0020587745183387888,0.0002460479736328125,1.0,0
deepseekv4pro,in_v2_train,323,source,positive,1,false_negative,10,0,0.0,1.0,0.0,0.0966796875,1.0,0
deepseekv4pro,in_v2_train,324,source,positive,1,false_negative,10,0,0.0,0.998046875,0.0020587745183387888,0.006500244140625,0.99609375,0
deepseekv4pro,in_v2_train,325,source,positive,1,false_negative,10,0,0.0,0.998828125,0.0018868980138267496,0.13671875,1.0,0
deepseekv4pro,in_v2_train,326,source,positive,1,false_negative,10,0,0.0,1.0,0.0,0.0244140625,1.0,0
deepseekv4pro,in_v2_train,327,source,positive,1,false_negative,10,0,0.0,1.0,0.0,0.0001087188720703125,1.0,0
deepseekv4pro,in_v2_train,328,source,positive,1,false_negative,10,0,0.0,0.9640625,0.03621571055456764,0.00093841552734375,0.9765625,0
deepseekv4pro,in_v2_train,329,source,positive,1,false_negative,10,0,0.0,0.999609375,0.0012352647110032732,0.0028076171875,1.0,0
deepseekv4pro,in_v2_train,364,generated,positive,0,false_positive,10,10,1.0,0.148291015625,0.04215655035363271,0.98046875,0.10693359375,1
deepseekv4pro,in_v2_train,365,generated,positive,0,false_positive,10,0,0.0,1.0,0.0,0.80859375,1.0,0
deepseekv4pro,in_v2_train,366,generated,positive,0,false_positive,10,0,0.0,1.0,0.0,1.0,1.0,0
deepseekv4pro,in_v2_train,368,generated,positive,0,false_positive,10,0,0.0,0.995703125,0.0012352647110032732,1.0,0.99609375,0
deepseekv4pro,in_v2_train,369,generated,positive,0,false_positive,10,0,0.0,1.0,0.0,0.94921875,0.99609375,0
deepseekv4pro,in_v2_train,370,generated,positive,0,false_positive,10,0,0.0,1.0,0.0,0.62890625,1.0,0
deepseekv4pro,in_v2_train,371,generated,positive,0,false_positive,10,0,0.0,1.0,0.0,0.94921875,1.0,0
deepseekv4pro,in_v2_train,372,generated,positive,0,false_positive,10,0,0.0,1.0,0.0,1.0,1.0,0
deepseekv4pro,in_v2_train,373,generated,positive,0,false_positive,10,0,0.0,1.0,0.0,0.99609375,1.0,0
deepseekv4pro,in_v2_train,374,generated,positive,0,false_positive,10,0,0.0,0.973046875,0.016100617129843363,0.9921875,0.984375,0
deepseekv4pro,in_v2_train,375,generated,positive,0,false_positive,10,0,0.0,1.0,0.0,1.0,1.0,0
deepseekv4pro,in_v2_train,376,generated,positive,0,false_positive,10,0,0.0,1.0,0.0,0.60546875,1.0,0
deepseekv4pro,in_v2_train,377,generated,positive,0,false_positive,10,0,0.0,0.998046875,0.0020587745183387888,0.54296875,1.0,0
deepseekv4pro,in_v2_train,378,generated,positive,0,false_positive,10,0,0.0,1.0,0.0,0.9296875,1.0,0
deepseekv4pro,in_v2_train,379,generated,positive,0,false_positive,10,0,0.0,1.0,0.0,1.0,1.0,0
deepseekv4pro,in_v2_train,380,generated,positive,0,false_positive,10,0,0.0,0.997265625,0.0018868980138267498,1.0,1.0,0
deepseekv4pro,in_v2_train,381,generated,positive,0,false_positive,10,0,0.0,1.0,0.0,1.0,1.0,0
deepseekv4pro,in_v2_train,382,generated,positive,0,false_positive,10,0,0.0,0.99765625,0.002017178826149696,0.80078125,0.99609375,0
deepseekv4pro,in_v2_train,383,generated,positive,0,false_positive,10,0,0.0,1.0,0.0,1.0,1.0,0
deepseekv4pro,in_v2_train,384,generated,positive,0,false_positive,10,0,0.0,0.999609375,0.0012352647110032732,0.99609375,1.0,0
deepseekv4pro,in_v2_train,385,generated,positive,0,false_positive,10,0,0.0,0.996484375,0.0012352647110032732,0.82421875,0.99609375,0
deepseekv4pro,in_v2_train,386,generated,positive,0,false_positive,10,0,0.0,1.0,0.0,0.99609375,1.0,0
deepseekv4pro,in_v2_train,387,generated,positive,0,false_positive,10,0,0.0,1.0,0.0,1.0,0.99609375,0
deepseekv4pro,in_v2_train,388,generated,positive,0,false_positive,10,0,0.0,0.99609375,0.0,1.0,0.99609375,0
deepseekv4pro,in_v2_train,389,generated,positive,0,false_positive,10,0,0.0,1.0,0.0,0.90625,1.0,0
deepseekv4pro,in_v2_train,390,generated,positive,0,false_positive,10,0,0.0,1.0,0.0,0.99609375,1.0,0
deepseekv4pro,in_v2_train,391,generated,positive,0,false_positive,10,0,0.0,1.0,0.0,1.0,1.0,0
deepseekv4pro,in_v2_train,392,generated,positive,0,false_positive,10,0,0.0,1.0,0.0,1.0,1.0,0
deepseekv4pro,in_v2_train,393,generated,positive,0,false_positive,10,0,0.0,0.999609375,0.0012352647110032732,1.0,1.0,0
deepseekv4pro,in_v2_train,394,generated,positive,0,false_positive,10,0,0.0,1.0,0.0,0.99609375,1.0,0
deepseekv4pro,in_v2_train,395,generated,positive,0,false_positive,10,0,0.0,1.0,0.0,1.0,1.0,0
deepseekv4pro,in_v2_train,396,generated,positive,0,false_positive,10,0,0.0,1.0,0.0,0.99609375,1.0,0
deepseekv4pro,in_v2_train,397,generated,positive,0,false_positive,10,0,0.0,1.0,0.0,0.99609375,1.0,0
deepseekv4pro,in_v2_train,398,generated,positive,0,false_positive,10,0,0.0,1.0,0.0,0.99609375,1.0,0
deepseekv4pro,in_v2_train,399,generated,positive,0,false_positive,10,0,0.0,0.997265625,0.0018868980138267498,0.71484375,0.99609375,0
deepseekv4pro,in_v2_train,400,generated,positive,0,false_positive,10,0,0.0,1.0,0.0,1.0,1.0,0
deepseekv4pro,in_v2_train,401,generated,positive,0,false_positive,10,0,0.0,1.0,0.0,1.0,1.0,0
deepseekv4pro,in_v2_train,402,generated,positive,0,false_positive,10,0,0.0,0.999609375,0.0012352647110032732,0.99609375,1.0,0
deepseekv4pro,in_v2_train,403,generated,positive,0,false_positive,10,0,0.0,1.0,0.0,1.0,1.0,0
deepseekv4pro,in_v2_train,404,generated,positive,0,false_positive,10,0,0.0,1.0,0.0,1.0,1.0,0
deepseekv4pro,in_v2_train,405,generated,positive,0,false_positive,10,0,0.0,0.999609375,0.0012352647110032732,0.99609375,1.0,0
deepseekv4pro,in_v2_train,406,generated,positive,0,false_positive,10,0,0.0,0.99765625,0.002017178826149696,0.9921875,1.0,0
deepseekv4pro,in_v2_train,407,generated,positive,0,false_positive,10,0,0.0,1.0,0.0,1.0,1.0,0
deepseekv4pro,in_v2_train,408,generated,positive,0,false_positive,10,0,0.0,0.992578125,0.005952671588886698,0.99609375,0.99609375,0
deepseekv4pro,in_v2_train,409,generated,positive,0,false_positive,10,1,0.1,0.7611328125,0.17934289589573443,1.0,0.859375,0
deepseekv4pro,in_v2_train,410,generated,positive,0,false_positive,10,0,0.0,1.0,0.0,1.0,1.0,0
deepseekv4pro,in_v2_train,411,generated,positive,0,false_positive,10,0,0.0,0.9984375,0.002017178826149696,0.99609375,0.99609375,0
deepseekv4pro,in_v2_train,412,generated,positive,0,false_positive,10,0,0.0,1.0,0.0,1.0,1.0,0
deepseekv4pro,in_v2_train,414,generated,positive,0,false_positive,10,0,0.0,1.0,0.0,0.97265625,1.0,0
deepseekv4pro,in_v2_train,415,generated,positive,0,false_positive,10,0,0.0,1.0,0.0,0.9921875,1.0,0
deepseekv4pro,in_v2_train,416,generated,positive,0,false_positive,10,0,0.0,1.0,0.0,0.98046875,1.0,0
deepseekv4pro,in_v2_train,417,generated,positive,0,false_positive,10,0,0.0,1.0,0.0,0.9921875,1.0,0
deepseekv4pro,in_v2_train,418,generated,positive,0,false_positive,10,0,0.0,1.0,0.0,0.98828125,1.0,0
deepseekv4pro,in_v2_train,419,generated,positive,0,false_positive,10,0,0.0,0.981640625,0.03782994676128696,1.0,1.0,0
deepseekv4pro,in_v2_train,420,generated,positive,0,false_positive,10,0,0.0,1.0,0.0,0.9921875,1.0,0
deepseekv4pro,in_v2_train,421,generated,positive,0,false_positive,10,0,0.0,1.0,0.0,1.0,1.0,0
deepseekv4pro,in_v2_train,422,generated,positive,0,false_positive,10,0,0.0,0.988671875,0.0067532825416093435,0.99609375,0.984375,0
deepseekv4pro,in_v2_train,423,generated,positive,0,false_positive,10,0,0.0,1.0,0.0,0.9921875,1.0,0
deepseekv4pro,in_v2_train,424,generated,positive,0,false_positive,10,0,0.0,1.0,0.0,0.75390625,1.0,0
deepseekv4pro,in_v2_train,425,generated,positive,0,false_positive,10,0,0.0,1.0,0.0,0.6875,1.0,0
deepseekv4pro,in_v2_train,426,generated,positive,0,false_positive,10,0,0.0,1.0,0.0,1.0,1.0,0
deepseekv4pro,in_v2_train,427,generated,positive,0,false_positive,10,0,0.0,0.997265625,0.0018868980138267498,1.0,0.99609375,0
deepseekv4pro,in_v2_train,428,generated,positive,0,false_positive,10,0,0.0,1.0,0.0,0.9921875,1.0,0
deepseekv4pro,in_v2_train,429,generated,positive,0,false_positive,10,0,0.0,1.0,0.0,0.94921875,1.0,0
deepseekv4pro,in_v2_train,430,generated,positive,0,false_positive,10,0,0.0,0.99921875,0.0016470196146710309,0.99609375,1.0,0
deepseekv4pro,in_v2_train,431,generated,positive,0,false_positive,10,0,0.0,1.0,0.0,0.9921875,1.0,0
deepseekv4pro,in_v2_train,432,generated,positive,0,false_positive,10,0,0.0,1.0,0.0,0.98046875,1.0,0
deepseekv4pro,in_v2_train,433,generated,positive,0,false_positive,10,0,0.0,0.99921875,0.0016470196146710309,1.0,0.99609375,0
deepseekv4pro,in_v2_train,434,generated,positive,0,false_positive,10,0,0.0,0.999609375,0.0012352647110032732,0.98828125,1.0,0
deepseekv4pro,in_v2_train,435,generated,positive,0,false_positive,10,0,0.0,1.0,0.0,1.0,1.0,0
deepseekv4pro,in_v2_train,436,generated,positive,0,false_positive,10,0,0.0,1.0,0.0,0.98828125,1.0,0
deepseekv4pro,in_v2_train,437,generated,positive,0,false_positive,10,0,0.0,0.99609375,0.0,1.0,0.99609375,0
deepseekv4pro,in_v2_train,438,generated,positive,0,false_positive,10,0,0.0,1.0,0.0,1.0,1.0,0
deepseekv4pro,in_v2_train,439,generated,positive,0,false_positive,10,0,0.0,1.0,0.0,1.0,1.0,0
deepseekv4pro,in_v2_train,440,generated,positive,0,false_positive,10,0,0.0,1.0,0.0,0.96875,1.0,0
deepseekv4pro,in_v2_train,441,generated,positive,0,false_positive,10,0,0.0,0.99609375,0.0,1.0,0.99609375,0
deepseekv4pro,in_v2_train,443,generated,positive,0,false_positive,10,0,0.0,1.0,0.0,0.76953125,1.0,0
deepseekv4pro,in_v2_train,444,generated,positive,0,false_positive,10,0,0.0,1.0,0.0,1.0,1.0,0
deepseekv4pro,in_v2_train,445,generated,positive,0,false_positive,10,0,0.0,0.7984375,0.1169441918626858,0.99609375,0.84375,0
deepseekv4pro,in_v2_train,446,generated,positive,0,false_positive,10,0,0.0,0.990234375,0.013182589017784236,0.98828125,0.99609375,0
deepseekv4pro,in_v2_train,448,generated,positive,0,false_positive,10,0,0.0,1.0,0.0,0.99609375,1.0,0
deepseekv4pro,in_v2_train,449,generated,positive,0,false_positive,10,0,0.0,1.0,0.0,0.99609375,1.0,0
deepseekv4pro,in_v2_train,450,generated,positive,0,false_positive,10,0,0.0,1.0,0.0,0.7734375,1.0,0
deepseekv4pro,in_v2_train,451,generated,positive,0,false_positive,10,0,0.0,1.0,0.0,0.99609375,1.0,0
deepseekv4pro,in_v2_train,452,generated,positive,0,false_positive,10,0,0.0,1.0,0.0,0.93359375,1.0,0
deepseekv4pro,in_v2_train,453,generated,positive,0,false_positive,10,0,0.0,1.0,0.0,1.0,1.0,0
deepseekv4pro,in_v2_train,454,generated,positive,0,false_positive,10,0,0.0,1.0,0.0,1.0,1.0,0
deepseekv4pro,in_v2_train,455,generated,positive,0,false_positive,10,0,0.0,1.0,0.0,0.9921875,1.0,0
deepseekv4pro,in_v2_train,456,generated,positive,0,false_positive,10,0,0.0,1.0,0.0,0.96875,1.0,0
deepseekv4pro,in_v2_train,457,generated,positive,0,false_positive,10,0,0.0,0.998828125,0.0018868980138267496,1.0,0.99609375,0
deepseekv4pro,in_v2_train,458,generated,positive,0,false_positive,10,0,0.0,1.0,0.0,0.99609375,1.0,0
deepseekv4pro,in_v2_train,459,generated,positive,0,false_positive,10,0,0.0,1.0,0.0,0.99609375,1.0,0
deepseekv4pro,in_v2_train,460,generated,positive,0,false_positive,10,0,0.0,1.0,0.0,0.91796875,1.0,0
deepseekv4pro,in_v2_train,461,generated,positive,0,false_positive,10,0,0.0,1.0,0.0,1.0,1.0,0
deepseekv4pro,in_v2_train,462,generated,positive,0,false_positive,10,0,0.0,1.0,0.0,1.0,1.0,0
deepseekv4pro,in_v2_train,463,generated,positive,0,false_positive,10,0,0.0,1.0,0.0,0.97265625,1.0,0
deepseekv4pro,in_v2_train,464,generated,positive,0,false_positive,10,0,0.0,0.99921875,0.0016470196146710309,1.0,1.0,0
deepseekv4pro,in_v2_train,465,generated,positive,0,false_positive,10,0,0.0,1.0,0.0,0.9921875,1.0,0
deepseekv4pro,in_v2_train,466,generated,positive,0,false_positive,10,0,0.0,1.0,0.0,0.921875,1.0,0
deepseekv4pro,in_v2_train,467,generated,positive,0,false_positive,10,0,0.0,1.0,0.0,0.54296875,1.0,0
deepseekv4pro,in_v2_train,468,generated,positive,0,false_positive,10,0,0.0,1.0,0.0,0.8984375,1.0,0
deepseekv4pro,in_v2_train,469,generated,positive,0,false_positive,10,0,0.0,1.0,0.0,1.0,1.0,0
deepseekv4pro,in_v2_train,470,generated,positive,0,false_positive,10,0,0.0,1.0,0.0,1.0,1.0,0
deepseekv4pro,in_v2_train,471,generated,positive,0,false_positive,10,0,0.0,0.998046875,0.0020587745183387888,0.97265625,1.0,0
deepseekv4pro,in_v2_train,472,generated,positive,0,false_positive,10,0,0.0,1.0,0.0,0.98046875,1.0,0
deepseekv4pro,in_v2_train,473,generated,positive,0,false_positive,10,0,0.0,1.0,0.0,0.9921875,1.0,0
deepseekv4pro,in_v2_train,474,generated,positive,0,false_positive,10,0,0.0,1.0,0.0,1.0,1.0,0
deepseekv4pro,in_v2_train,475,generated,positive,0,false_positive,10,0,0.0,0.999609375,0.0012352647110032732,0.9921875,1.0,0
deepseekv4pro,in_v2_train,476,generated,positive,0,false_positive,10,0,0.0,1.0,0.0,0.96875,1.0,0
deepseekv4pro,in_v2_train,477,generated,positive,0,false_positive,10,0,0.0,0.998046875,0.0020587745183387888,0.96875,1.0,0
deepseekv4pro,in_v2_train,478,generated,positive,0,false_positive,10,0,0.0,1.0,0.0,1.0,1.0,0
deepseekv4pro,in_v2_train,479,generated,positive,0,false_positive,10,0,0.0,1.0,0.0,0.98046875,1.0,0
deepseekv4pro,in_v2_train,480,generated,positive,0,false_positive,10,0,0.0,0.983984375,0.008528397340527507,0.94921875,0.98046875,0
deepseekv4pro,in_v2_train,481,generated,positive,0,false_positive,10,0,0.0,1.0,0.0,1.0,1.0,0
deepseekv4pro,in_v2_train,482,generated,positive,0,false_positive,10,0,0.0,1.0,0.0,0.96875,1.0,0
deepseekv4pro,in_v2_train,483,generated,positive,0,false_positive,10,0,0.0,1.0,0.0,0.9921875,1.0,0
deepseekv4pro,in_v2_train,484,generated,positive,0,false_positive,10,0,0.0,0.999609375,0.0012352647110032732,0.87890625,1.0,0
deepseekv4pro,in_v2_train,485,generated,positive,0,false_positive,10,0,0.0,0.996484375,0.0012352647110032732,0.9375,0.99609375,0
deepseekv4pro,in_v2_train,486,generated,positive,0,false_positive,10,0,0.0,0.999609375,0.0012352647110032732,0.98046875,1.0,0
deepseekv4pro,in_v2_train,487,generated,positive,0,false_positive,10,0,0.0,1.0,0.0,0.99609375,1.0,0
deepseekv4pro,in_v2_train,488,generated,positive,0,false_positive,10,0,0.0,1.0,0.0,0.94921875,1.0,0
deepseekv4pro,in_v2_train,489,generated,positive,0,false_positive,10,0,0.0,1.0,0.0,0.99609375,1.0,0
deepseekv4pro,in_v2_train,490,generated,positive,0,false_positive,10,0,0.0,0.9984375,0.002017178826149696,0.8515625,0.99609375,0
deepseekv4pro,in_v2_train,491,generated,positive,0,false_positive,10,0,0.0,1.0,0.0,0.9921875,1.0,0
deepseekv4pro,in_v2_train,492,generated,positive,0,false_positive,10,0,0.0,1.0,0.0,0.9921875,1.0,0
deepseekv4pro,in_v2_train,493,generated,positive,0,false_positive,10,0,0.0,1.0,0.0,0.9609375,1.0,0
deepseekv4pro,in_v2_train,494,generated,positive,0,false_positive,10,0,0.0,1.0,0.0,0.9375,1.0,0
deepseekv4pro,in_v2_train,495,generated,positive,0,false_positive,10,0,0.0,1.0,0.0,1.0,1.0,0
deepseekv4pro,in_v2_train,498,generated,positive,0,false_positive,10,0,0.0,1.0,0.0,0.9921875,1.0,0
deepseekv4pro,in_v2_train,499,generated,positive,0,false_positive,10,0,0.0,1.0,0.0,1.0,1.0,0
deepseekv4pro,in_v2_train,500,generated,positive,0,false_positive,10,0,0.0,1.0,0.0,0.94140625,1.0,0
deepseekv4pro,in_v2_train,502,generated,positive,0,false_positive,10,0,0.0,0.9984375,0.002017178826149696,0.703125,0.99609375,0
deepseekv4pro,in_v2_train,503,generated,positive,0,false_positive,10,0,0.0,1.0,0.0,0.89453125,1.0,0
deepseekv4pro,in_v2_train,504,generated,positive,0,false_positive,10,0,0.0,1.0,0.0,0.95703125,1.0,0
deepseekv4pro,in_v2_train,505,generated,positive,0,false_positive,10,0,0.0,1.0,0.0,1.0,1.0,0
deepseekv4pro,in_v2_train,506,generated,positive,0,false_positive,10,0,0.0,0.9953125,0.005764568651348608,0.98828125,0.98046875,0
deepseekv4pro,in_v2_train,508,generated,positive,0,false_positive,10,0,0.0,1.0,0.0,1.0,1.0,0
deepseekv4pro,in_v2_train,509,generated,positive,0,false_positive,10,0,0.0,1.0,0.0,0.921875,1.0,0
deepseekv4pro,in_v2_train,511,generated,positive,0,false_positive,10,0,0.0,0.997265625,0.0032159086029240804,0.9609375,1.0,0
deepseekv4pro,in_v2_train,512,generated,positive,0,false_positive,10,0,0.0,1.0,0.0,0.9375,1.0,0
deepseekv4pro,in_v2_train,513,generated,positive,1,false_positive,10,0,0.0,1.0,0.0,0.7578125,1.0,0
deepseekv4pro,in_v2_train,514,generated,positive,1,false_positive,10,0,0.0,0.741796875,0.1369906769957991,0.515625,0.8828125,0
deepseekv4pro,in_v2_train,515,generated,positive,1,false_positive,10,0,0.0,1.0,0.0,0.59765625,1.0,0
deepseekv4pro,in_v2_train,516,generated,positive,1,false_positive,10,0,0.0,1.0,0.0,0.9921875,1.0,0
deepseekv4pro,in_v2_train,517,generated,negative,1,false_negative,10,0,0.0,8.211135864257812e-05,6.236976156024756e-05,0.09423828125,6.628036499023438e-05,0
deepseekv4pro,in_v2_train,518,generated,negative,1,false_negative,10,0,0.0,0.0001556873321533203,3.8732727020509456e-05,0.25,0.00014019012451171875,0
deepseekv4pro,in_v2_train,519,generated,negative,1,false_negative,10,0,0.0,0.00247955322265625,0.0007427511528783281,0.4140625,0.001983642578125,0
deepseekv4pro,in_v2_train,520,generated,negative,1,false_negative,10,0,0.0,0.00020349621772766113,0.00023479744044152526,3.7670135498046875e-05,5.4836273193359375e-05,0
deepseekv4pro,in_v2_train,521,generated,negative,1,false_negative,10,0,0.0,6.638765335083008e-05,3.640804495398664e-05,0.12353515625,8.487701416015625e-05,0
deepseekv4pro,in_v2_train,522,generated,negative,1,false_negative,10,0,0.0,0.0009563446044921875,0.0002520335067788371,0.0091552734375,0.0006866455078125,0
deepseekv4pro,in_v2_train,523,generated,negative,1,false_negative,10,0,0.0,4.887580871582031e-06,1.7438391208241122e-06,0.3203125,4.798173904418945e-06,0
deepseekv4pro,in_v2_train,524,generated,negative,1,false_negative,10,0,0.0,0.00048556327819824217,0.0002236702382456457,0.0128173828125,0.000148773193359375,0
deepseekv4pro,in_v2_train,525,generated,negative,1,false_negative,10,0,0.0,0.0003814697265625,0.0001738956246841226,0.0247802734375,0.000606536865234375,0
deepseekv4pro,in_v2_train,526,generated,negative,1,false_negative,10,0,0.0,2.244114875793457e-05,1.2220785409233744e-05,0.000667572021484375,2.014636993408203e-05,0
deepseekv4pro,in_v2_train,527,generated,negative,1,false_negative,10,0,0.0,0.00079193115234375,0.00018645854529043756,0.314453125,0.00102996826171875,0
deepseekv4pro,in_v2_train,528,generated,negative,1,false_negative,10,0,0.0,0.034912109375,0.022018140645660395,0.0021820068359375,0.0267333984375,0
deepseekv4pro,in_v2_train,529,generated,negative,1,false_negative,10,0,0.0,0.00382232666015625,0.0006747019441580044,0.0361328125,0.00433349609375,0
deepseekv4pro,in_v2_train,530,generated,negative,1,false_negative,10,0,0.0,5.5640935897827145e-06,6.637366682807045e-07,0.0223388671875,3.9637088775634766e-06,0
deepseekv4pro,in_v2_train,531,generated,negative,1,false_negative,10,3,0.3,0.41611328125,0.28769346352983205,0.494140625,0.298828125,0
deepseekv4pro,in_v2_train,532,generated,negative,1,false_negative,10,0,0.0,0.00028133392333984375,0.0001158120003368055,0.341796875,0.0002307891845703125,0
deepseekv4pro,in_v2_train,533,generated,negative,1,false_negative,10,0,0.0,0.000528717041015625,0.00023064604524744768,0.002716064453125,0.00012302398681640625,0
deepseekv4pro,in_v2_train,534,generated,negative,1,false_negative,10,0,0.0,1.6224384307861327e-05,1.1967645276650046e-05,0.10498046875,1.2993812561035156e-05,0
deepseekv4pro,in_v2_train,535,generated,negative,1,false_negative,10,0,0.0,8.852481842041016e-05,7.251819409849837e-05,0.0003147125244140625,2.4318695068359375e-05,0
deepseekv4pro,in_v2_train,536,generated,negative,1,false_negative,10,0,0.0,9.799003601074219e-06,4.510605532737862e-06,0.369140625,1.0788440704345703e-05,0
deepseekv4pro,in_v2_train,537,generated,negative,1,false_negative,10,0,0.0,0.00032930374145507814,0.0001556604047930297,0.0091552734375,0.0003147125244140625,0
deepseekv4pro,in_v2_train,538,generated,negative,1,false_negative,10,0,0.0,3.6215782165527345e-05,1.529711142936477e-05,0.04736328125,3.123283386230469e-05,0
deepseekv4pro,in_v2_train,539,generated,negative,1,false_negative,10,0,0.0,0.003253173828125,0.0006901142431519162,0.4140625,0.0029754638671875,0
deepseekv4pro,in_v2_train,540,generated,negative,1,false_negative,10,0,0.0,0.00013360977172851562,8.925925167464489e-05,0.0078125,0.00014019012451171875,0
deepseekv4pro,in_v2_train,541,generated,negative,1,false_negative,10,0,0.0,0.00053253173828125,0.00029462867282044336,0.0263671875,0.000667572021484375,0
deepseekv4pro,in_v2_train,542,generated,negative,1,false_negative,10,0,0.0,0.0009765625,0.0003543906456124722,0.49609375,0.0003452301025390625,0
deepseekv4pro,in_v2_train,543,generated,negative,1,false_negative,10,0,0.0,0.00041980743408203124,0.00015606222877992407,0.03369140625,0.00021648406982421875,0
deepseekv4pro,in_v2_train,544,generated,negative,1,false_negative,10,0,0.0,7.449090480804443e-06,3.1088554798599273e-06,0.228515625,3.725290298461914e-06,0
deepseekv4pro,in_v2_train,545,generated,negative,1,false_negative,10,0,0.0,3.2794475555419925e-05,1.7884545578220666e-05,1.2993812561035156e-05,1.2218952178955078e-05,0
deepseekv4pro,in_v2_train,546,generated,negative,1,false_negative,10,0,0.0,0.0001392364501953125,5.50865598169406e-05,0.007568359375,0.00019073486328125,0
deepseekv4pro,in_v2_train,547,generated,negative,1,false_negative,10,0,0.0,0.0008675575256347657,0.0003969062835849972,0.1396484375,0.00113677978515625,0
deepseekv4pro,in_v2_train,548,generated,negative,1,false_negative,10,0,0.0,0.0004471421241760254,0.000236762430321002,0.04736328125,0.000881195068359375,0
deepseekv4pro,in_v2_train,549,generated,negative,1,false_negative,10,0,0.0,3.468692302703858e-05,2.4284845428094444e-05,0.002044677734375,3.314018249511719e-05,0
deepseekv4pro,in_v2_train,550,generated,negative,1,false_negative,10,0,0.0,0.00260467529296875,0.0012740515253754933,0.078125,0.002716064453125,0
deepseekv4pro,in_v2_train,551,generated,negative,1,false_negative,10,0,0.0,5.40614128112793e-06,1.924370211015808e-06,0.37109375,3.9637088775634766e-06,0
deepseekv4pro,in_v2_train,552,generated,negative,1,false_negative,10,0,0.0,2.8431415557861328e-05,1.0262351329126938e-05,5.781650543212891e-06,2.9325485229492188e-05,0
deepseekv4pro,in_v2_train,553,generated,negative,1,false_negative,10,0,0.0,9.319186210632324e-06,2.9414034985766754e-06,0.00016880035400390625,1.0132789611816406e-05,0
deepseekv4pro,in_v2_train,554,generated,negative,1,false_negative,10,0,0.0,0.0008929014205932617,0.0005840179496771028,9.5367431640625e-06,0.001068115234375,0
deepseekv4pro,in_v2_train,555,generated,negative,1,false_negative,10,0,0.0,1.0514259338378907e-05,2.733190539828909e-06,0.0028076171875,7.420778274536133e-06,0
deepseekv4pro,in_v2_train,556,generated,negative,1,false_negative,10,5,0.5,0.59375,0.20627852220187198,0.002716064453125,0.486328125,0
deepseekv4pro,in_v2_train,557,generated,negative,1,false_negative,10,0,0.0,5.8084726333618164e-05,9.962303459851138e-05,0.000827789306640625,2.9325485229492188e-05,0
deepseekv4pro,in_v2_train,558,generated,negative,1,false_negative,10,0,0.0,5.5104494094848635e-06,1.9999137302000583e-06,2.1457672119140625e-05,3.293156623840332e-06,0
deepseekv4pro,in_v2_train,559,generated,negative,1,false_negative,10,0,0.0,0.00028053522109985354,0.0003884350552622313,4.00543212890625e-05,5.4836273193359375e-05,0
deepseekv4pro,in_v2_train,560,generated,negative,1,false_negative,10,0,0.0,6.318092346191406e-07,1.1506531344946759e-07,0.0038299560546875,5.364418029785156e-07,0
deepseekv4pro,in_v2_train,561,generated,negative,1,false_negative,10,0,0.0,0.001576995849609375,0.0005563363931852131,0.002716064453125,0.00186920166015625,0
deepseekv4pro,in_v2_train,562,generated,negative,1,false_negative,10,0,0.0,0.0006101608276367187,0.0001674330315248295,0.314453125,0.00093841552734375,0
deepseekv4pro,in_v2_train,563,generated,negative,1,false_negative,10,0,0.0,0.0040863037109375,0.005590045971114937,8.487701416015625e-05,0.005218505859375,0
deepseekv4pro,in_v2_train,564,generated,negative,1,false_negative,10,0,0.0,5.842745304107666e-06,1.8502585170589235e-06,0.00225830078125,4.798173904418945e-06,0
deepseekv4pro,in_v2_train,565,generated,negative,1,false_negative,10,0,0.0,7.2106719017028805e-06,4.788623388593767e-06,0.00010251998901367188,5.781650543212891e-06,0
deepseekv4pro,in_v2_train,566,generated,negative,1,false_negative,10,0,0.0,3.049522638320923e-06,8.514988354302693e-07,0.47265625,2.726912498474121e-06,0
deepseekv4pro,in_v2_train,567,generated,negative,1,false_negative,10,0,0.0,5.5277347564697264e-05,3.134748748490111e-05,0.048095703125,7.486343383789062e-05,0
deepseekv4pro,in_v2_train,568,generated,negative,1,false_negative,10,0,0.0,0.0005535125732421875,0.000369343122720829,0.00830078125,0.000518798828125,0
deepseekv4pro,in_v2_train,569,generated,negative,1,false_negative,10,0,0.0,0.0002597689628601074,0.00018060025470224709,0.0673828125,0.000431060791015625,0
deepseekv4pro,in_v2_train,570,generated,negative,1,false_negative,10,0,0.0,2.6559829711914064e-05,1.6255993272113396e-05,6.973743438720703e-06,2.014636993408203e-05,0
deepseekv4pro,in_v2_train,571,generated,negative,1,false_negative,10,0,0.0,0.0007741928100585937,0.0002520210767600451,0.02099609375,0.0005035400390625,0
deepseekv4pro,in_v2_train,572,generated,negative,1,false_negative,10,0,0.0,0.0010906219482421874,0.0007358784043212092,0.0013275146484375,0.0006866455078125,0
deepseekv4pro,in_v2_train,573,generated,negative,1,false_negative,10,0,0.0,0.001253509521484375,0.0003257204476900417,0.00592041015625,0.000881195068359375,0
deepseekv4pro,in_v2_train,574,generated,negative,1,false_negative,10,0,0.0,0.0001495838165283203,6.0890962060077594e-05,0.00225830078125,6.198883056640625e-05,0
deepseekv4pro,in_v2_train,575,generated,negative,1,false_negative,10,0,0.0,0.00011155605316162109,6.8926060285905e-05,0.0047607421875,0.000148773193359375,0
deepseekv4pro,in_v2_train,576,generated,negative,1,false_negative,10,0,0.0,0.0004088819026947021,0.0003110812244940317,0.00262451171875,0.000392913818359375,0
deepseekv4pro,in_v2_train,577,generated,negative,1,false_negative,10,0,0.0,6.322562694549561e-06,2.146411567392867e-06,0.000335693359375,7.867813110351562e-06,0
deepseekv4pro,in_v2_train,578,generated,negative,1,false_negative,10,0,0.0,0.00011179447174072265,6.646767627523195e-05,0.32421875,5.4836273193359375e-05,0
deepseekv4pro,in_v2_train,579,generated,negative,1,false_negative,10,0,0.0,0.00445709228515625,0.0007842235798347219,0.06640625,0.004058837890625,0
deepseekv4pro,in_v2_train,580,generated,negative,1,false_negative,10,0,0.0,2.2828578948974608e-06,8.831457851186485e-07,0.248046875,1.6540288925170898e-06,0
deepseekv4pro,in_v2_train,581,generated,negative,1,false_negative,10,0,0.0,7.081031799316406e-05,2.9492034514348283e-05,0.015869140625,3.314018249511719e-05,0
deepseekv4pro,in_v2_train,582,generated,negative,1,false_negative,10,0,0.0,0.0031909942626953125,0.0021508227474022258,0.0017547607421875,0.003936767578125,0
deepseekv4pro,in_v2_train,583,generated,negative,1,false_negative,10,0,0.0,0.0009496688842773437,0.0003993733290764423,0.08642578125,0.000827789306640625,0
deepseekv4pro,in_v2_train,584,generated,negative,1,false_negative,10,0,0.0,0.048529052734375,0.03662754086858399,0.0028839111328125,0.251953125,0
deepseekv4pro,in_v2_train,585,generated,negative,1,false_negative,10,0,0.0,0.0004090785980224609,0.00023058246803102361,0.0361328125,0.000457763671875,0
deepseekv4pro,in_v2_train,586,generated,negative,1,false_negative,10,0,0.0,5.3584575653076175e-06,3.30484330021063e-06,0.1943359375,6.5267086029052734e-06,0
deepseekv4pro,in_v2_train,587,generated,negative,1,false_negative,10,0,0.0,1.6644597053527832e-05,7.983033551636312e-06,0.06103515625,5.424022674560547e-06,0
deepseekv4pro,in_v2_train,588,generated,negative,1,false_negative,10,0,0.0,0.0008508205413818359,0.0005004443294758963,0.0216064453125,0.000911712646484375,0
deepseekv4pro,in_v2_train,589,generated,negative,1,false_negative,10,0,0.0,6.754696369171143e-06,2.4121073611337538e-06,0.0361328125,7.867813110351562e-06,0
deepseekv4pro,in_v2_train,590,generated,negative,1,false_negative,10,0,0.0,5.719065666198731e-06,2.2083545467582105e-06,6.5267086029052734e-06,6.973743438720703e-06,0
deepseekv4pro,in_v2_train,591,generated,negative,1,false_negative,10,0,0.0,0.002655792236328125,0.0006323091340689783,0.033203125,0.0017547607421875,0
deepseekv4pro,in_v2_train,592,generated,negative,1,false_negative,10,0,0.0,2.5904178619384767e-05,9.301558975368055e-06,0.15234375,1.6689300537109375e-05,0
deepseekv4pro,in_v2_train,593,generated,negative,1,false_negative,10,0,0.0,0.0034332275390625,0.0006621915978134937,0.2001953125,0.0028839111328125,0
deepseekv4pro,in_v2_train,594,generated,negative,1,false_negative,10,0,0.0,3.399848937988281e-05,1.377608784003674e-05,0.00628662109375,2.276897430419922e-05,0
deepseekv4pro,in_v2_train,595,generated,negative,1,false_negative,10,0,0.0,6.563663482666016e-05,3.48363277148901e-05,1.4722347259521484e-05,7.009506225585938e-05,0
deepseekv4pro,in_v2_train,596,generated,negative,1,false_negative,10,9,0.9,0.7220703125,0.1420526071924692,0.2197265625,0.4765625,0
deepseekv4pro,in_v2_train,597,generated,negative,1,false_negative,10,0,0.0,0.002359771728515625,0.0004837574947175951,0.24609375,0.0028076171875,0
deepseekv4pro,in_v2_train,598,generated,negative,1,false_negative,10,0,0.0,0.0021800994873046875,0.0008881816258442759,0.2041015625,0.003173828125,0
deepseekv4pro,in_v2_train,599,generated,negative,1,false_negative,10,0,0.0,0.000923919677734375,0.00045883988215173605,0.21484375,0.0010986328125,0
deepseekv4pro,in_v2_train,600,generated,negative,1,false_negative,10,0,0.0,6.808340549468994e-06,3.875412651849655e-06,0.000278472900390625,5.424022674560547e-06,0
deepseekv4pro,in_v2_train,601,generated,negative,1,false_negative,10,0,0.0,0.0009547710418701172,0.0006403257688591615,0.1787109375,0.000804901123046875,0
deepseekv4pro,in_v2_train,602,generated,negative,1,false_negative,10,0,0.0,2.3722648620605467e-06,1.0214223979457795e-06,0.02197265625,1.6540288925170898e-06,0
deepseekv4pro,in_v2_train,603,generated,negative,1,false_negative,10,0,0.0,8.516013622283935e-07,3.6009940587835095e-07,0.0179443359375,5.699694156646729e-07,0
deepseekv4pro,in_v2_train,604,generated,negative,1,false_negative,10,0,0.0,0.05224456787109375,0.0659738266503876,0.2216796875,0.0145263671875,0
deepseekv4pro,in_v2_train,605,generated,negative,1,false_negative,10,0,0.0,0.01778411865234375,0.02487660019607842,0.02978515625,0.00830078125,0
deepseekv4pro,in_v2_train,606,generated,negative,1,false_negative,10,0,0.0,0.000545501708984375,0.0003296005380724337,0.019775390625,0.0004444122314453125,0
deepseekv4pro,in_v2_train,607,generated,negative,1,false_negative,10,0,0.0,0.0005728721618652344,0.0001931953933370444,0.000431060791015625,0.000881195068359375,0
deepseekv4pro,in_v2_train,608,generated,negative,1,false_negative,10,0,0.0,3.6247074604034424e-06,2.4766261122184388e-06,0.0203857421875,3.5017728805541992e-06,0
deepseekv4pro,in_v2_train,609,generated,negative,1,false_negative,10,0,0.0,3.188103437423706e-06,1.3849195560879246e-06,0.00016880035400390625,2.726912498474121e-06,0
deepseekv4pro,in_v2_train,610,generated,negative,1,false_negative,10,10,1.0,0.915625,0.09920131900689795,0.0029754638671875,0.96484375,1
deepseekv4pro,in_v2_train,611,generated,negative,1,false_negative,10,0,0.0,0.012026214599609375,0.009113257778655917,0.000732421875,0.012451171875,0
deepseekv4pro,in_v2_train,612,generated,negative,1,false_negative,10,0,0.0,7.76052474975586e-05,4.323984573592457e-05,0.0029754638671875,4.00543212890625e-05,0
deepseekv4pro,in_v2_train,613,generated,negative,1,false_negative,10,0,0.0,5.306005477905274e-05,1.6518357895165578e-05,0.032470703125,4.00543212890625e-05,0
deepseekv4pro,in_v2_train,614,generated,negative,1,false_negative,10,0,0.0,0.00020674467086791992,0.00013037447000001433,0.33984375,0.0002613067626953125,0
deepseekv4pro,in_v2_train,615,generated,negative,1,false_negative,10,0,0.0,0.000971221923828125,0.00022797014425291617,0.00689697265625,0.0005035400390625,0
deepseekv4pro,in_v2_train,616,generated,negative,1,false_negative,10,0,0.0,5.705654621124267e-06,1.4728038831936702e-06,0.138671875,3.293156623840332e-06,0
deepseekv4pro,in_v2_train,617,generated,negative,1,false_negative,10,0,0.0,1.7371773719787597e-05,9.878863767488586e-06,2.276897430419922e-05,1.0788440704345703e-05,0
deepseekv4pro,in_v2_train,618,generated,negative,1,false_negative,10,0,0.0,0.02327880859375,0.024368773097023816,0.375,0.00860595703125,0
deepseekv4pro,in_v2_train,619,generated,negative,1,false_negative,10,0,0.0,3.3354759216308595e-05,1.1187029495432172e-05,0.0029754638671875,3.314018249511719e-05,0
deepseekv4pro,in_v2_train,620,generated,negative,1,false_negative,10,0,0.0,3.1672418117523195e-06,1.2080077378404614e-06,0.4609375,2.905726432800293e-06,0
deepseekv4pro,in_v2_train,621,generated,negative,1,false_negative,10,0,0.0,1.2204051017761231e-06,5.286010598418733e-07,0.0008544921875,1.3709068298339844e-06,0
deepseekv4pro,in_v2_train,622,generated,negative,1,false_negative,10,0,0.0,0.0012238264083862306,0.0005276545258388816,0.068359375,0.00136566162109375,0
deepseekv4pro,in_v2_train,623,generated,negative,1,false_negative,10,0,0.0,0.00015716552734375,5.739688166836209e-05,0.0693359375,8.487701416015625e-05,0
deepseekv4pro,in_v2_train,624,generated,negative,1,false_negative,10,0,0.0,0.10819091796875,0.08406819835164187,0.000804901123046875,0.322265625,0
deepseekv4pro,in_v2_train,625,generated,negative,1,false_negative,10,0,0.0,0.0001026153564453125,6.704855344098914e-05,0.1669921875,8.487701416015625e-05,0
deepseekv4pro,in_v2_train,626,generated,negative,1,false_negative,10,0,0.0,0.00023338794708251953,0.00015269400173749016,0.197265625,0.00048828125,0
deepseekv4pro,in_v2_train,627,generated,negative,1,false_negative,10,0,0.0,0.0014251708984375,0.0004989958430136501,0.004058837890625,0.00170135498046875,0
deepseekv4pro,in_v2_train,628,generated,negative,1,false_negative,10,0,0.0,0.000284576416015625,9.380351004487643e-05,0.00012302398681640625,9.632110595703125e-05,0
deepseekv4pro,in_v2_train,629,generated,negative,1,false_negative,10,0,0.0,1.8425285816192628e-06,1.1984660259560566e-06,0.140625,1.2889504432678223e-06,0
deepseekv4pro,in_v2_train,630,generated,negative,1,false_negative,10,0,0.0,7.043778896331787e-06,2.588917318434997e-06,0.0361328125,3.5017728805541992e-06,0
deepseekv4pro,in_v2_train,631,generated,negative,1,false_negative,10,0,0.0,3.871917724609375e-05,7.1004452654942226e-06,0.040283203125,4.5299530029296875e-05,0
deepseekv4pro,in_v2_train,632,generated,negative,1,false_negative,10,0,0.0,0.0042694091796875,0.0010934826736128922,0.051025390625,0.00347900390625,0
deepseekv4pro,in_v2_train,633,generated,negative,1,false_negative,10,0,0.0,9.248256683349609e-05,4.746711730802725e-05,0.0057373046875,7.963180541992188e-05,0
deepseekv4pro,in_v2_train,634,generated,negative,1,false_negative,10,0,0.0,1.7905235290527342e-05,6.2757272287472355e-06,0.040771484375,1.3828277587890625e-05,0
deepseekv4pro,in_v2_train,635,generated,negative,1,false_negative,10,0,0.0,0.000390625,0.00020409085911373716,0.0001583099365234375,0.0004730224609375,0
deepseekv4pro,in_v2_train,636,generated,negative,1,false_negative,10,0,0.0,6.082653999328613e-06,3.674557732177497e-06,0.0002460479736328125,4.231929779052734e-06,0
deepseekv4pro,in_v2_train,637,generated,negative,1,false_negative,10,0,0.0,0.00012592077255249023,9.052991406956818e-05,0.0966796875,0.00014019012451171875,0
deepseekv4pro,in_v2_train,638,generated,negative,1,false_negative,10,0,0.0,0.000647735595703125,0.00031382077967346156,0.006500244140625,0.000179290771484375,0
deepseekv4pro,in_v2_train,639,generated,negative,1,false_negative,10,0,0.0,0.0019744873046875,0.0006282080499214869,0.13671875,0.0021820068359375,0
deepseekv4pro,in_v2_train,640,generated,negative,1,false_negative,10,0,0.0,0.00310516357421875,0.0006145018298583828,0.0244140625,0.003082275390625,0
deepseekv4pro,in_v2_train,641,generated,negative,1,false_negative,10,0,0.0,1.4325976371765136e-05,1.3317448603584039e-05,0.0001087188720703125,6.5267086029052734e-06,0
deepseekv4pro,in_v2_train,642,generated,negative,1,false_negative,10,0,0.0,0.0004225730895996094,0.00013506043428071553,0.00093841552734375,0.0006866455078125,0
deepseekv4pro,in_v2_train,643,generated,negative,1,false_negative,10,0,0.0,0.00010170936584472657,4.471380679709822e-05,0.0028076171875,3.314018249511719e-05,0
deepseekv4pro,new_in_v3,3,source,negative,0,false_positive,10,0,0.0,0.00010576248168945313,3.990443001544334e-05,0.99609375,9.012222290039062e-05,0
deepseekv4pro,new_in_v3,49,source,negative,0,false_positive,10,0,0.0,0.0029392242431640625,0.0012566096987438452,1.0,0.00170135498046875,0
deepseekv4pro,new_in_v3,78,source,negative,0,false_positive,10,0,0.0,0.00482177734375,0.002320361886460418,0.98828125,0.0032806396484375,0
deepseekv4pro,new_in_v3,132,source,negative,0,false_positive,10,0,0.0,0.0025341033935546873,0.0018675765067943508,1.0,0.010986328125,0
deepseekv4pro,new_in_v3,137,source,negative,0,false_positive,10,0,0.0,0.06531982421875,0.06570390897130175,0.9765625,0.021240234375,0
deepseekv4pro,new_in_v3,143,source,negative,0,false_positive,10,0,0.0,0.0004809379577636719,0.00014872295395380918,1.0,0.0003147125244140625,0
deepseekv4pro,new_in_v3,146,source,negative,0,false_positive,10,0,0.0,3.8564205169677734e-05,1.3053311362531756e-05,0.89453125,4.00543212890625e-05,0
deepseekv4pro,new_in_v3,151,source,negative,1,false_positive,10,10,1.0,0.684375,0.08242917703962933,0.88671875,0.53125,1
deepseekv4pro,new_in_v3,153,source,negative,1,false_positive,10,4,0.4,0.48720703125,0.2122418050513189,0.77734375,0.23046875,0
deepseekv4pro,new_in_v3,155,source,negative,2,false_positive,10,9,0.9,0.76240234375,0.2511612308000878,0.77734375,0.765625,1
deepseekv4pro,new_in_v3,156,source,negative,2,false_positive,10,10,1.0,0.998046875,0.0037961926398732424,1.0,1.0,1
deepseekv4pro,new_in_v3,157,source,negative,2,false_positive,10,7,0.7,0.694921875,0.24405432502491745,0.640625,0.6328125,1
deepseekv4pro,new_in_v3,158,source,negative,2,false_positive,10,10,1.0,0.953515625,0.05827313905058683,0.98046875,0.9765625,1
deepseekv4pro,new_in_v3,159,source,negative,2,false_positive,10,10,1.0,0.976953125,0.02580951207652853,0.96875,0.96875,1
deepseekv4pro,new_in_v3,160,source,negative,2,false_positive,10,10,1.0,0.995703125,0.0034202931084801294,1.0,1.0,1
deepseekv4pro,new_in_v3,161,source,negative,2,false_positive,10,10,1.0,0.924609375,0.08767672660168607,0.890625,0.89453125,1
deepseekv4pro,new_in_v3,162,source,negative,2,false_positive,10,10,1.0,0.99140625,0.010546071214227388,0.9375,0.94140625,1
deepseekv4pro,new_in_v3,163,source,negative,2,false_positive,10,9,0.9,0.7275390625,0.1680223640613394,0.6953125,0.6953125,1
deepseekv4pro,new_in_v3,164,source,negative,2,false_positive,10,10,1.0,0.996484375,0.0038844879922334107,0.984375,0.984375,1
deepseekv4pro,new_in_v3,165,source,negative,2,false_positive,10,4,0.4,0.38935546875,0.20736778305890471,0.67578125,0.67578125,1
deepseekv4pro,new_in_v3,166,source,negative,2,false_positive,10,9,0.9,0.7232421875,0.1985966295536603,0.91796875,0.921875,1
deepseekv4pro,new_in_v3,167,source,negative,2,false_positive,10,10,1.0,1.0,0.0,1.0,1.0,1
deepseekv4pro,new_in_v3,169,source,negative,2,false_positive,10,10,1.0,0.919140625,0.0879470305114462,0.5703125,0.5625,1
deepseekv4pro,new_in_v3,170,source,negative,2,false_positive,10,10,1.0,0.9859375,0.015861919096709438,0.92578125,0.921875,1
deepseekv4pro,new_in_v3,171,source,negative,2,false_positive,10,8,0.8,0.66357421875,0.22894148889884472,0.9140625,0.9140625,1
deepseekv4pro,new_in_v3,173,source,negative,2,false_positive,10,10,1.0,0.99765625,0.002017178826149696,0.95703125,0.953125,1
deepseekv4pro,new_in_v3,175,source,negative,2,false_positive,10,10,1.0,0.865234375,0.12456861870494923,0.9140625,0.92578125,1
deepseekv4pro,new_in_v3,176,source,negative,2,false_positive,10,8,0.8,0.59296875,0.15768438831870593,0.734375,0.75,1
deepseekv4pro,new_in_v3,177,source,negative,2,false_positive,10,10,1.0,0.88828125,0.058382141039543166,0.94921875,0.94921875,1
deepseekv4pro,new_in_v3,178,source,negative,2,false_positive,10,10,1.0,0.86328125,0.10400377889435343,0.671875,0.66796875,1
deepseekv4pro,new_in_v3,179,source,negative,2,false_positive,10,10,1.0,0.995703125,0.005026109131671558,0.984375,0.984375,1
deepseekv4pro,new_in_v3,180,source,negative,2,false_positive,10,10,1.0,0.997265625,0.002636517803556847,0.9921875,0.9921875,1
deepseekv4pro,new_in_v3,181,source,negative,2,false_positive,10,5,0.5,0.500390625,0.18472565892336162,0.68359375,0.69140625,1
deepseekv4pro,new_in_v3,182,source,negative,2,false_positive,10,9,0.9,0.6818359375,0.11473286437478682,0.78515625,0.78125,1
deepseekv4pro,new_in_v3,183,source,negative,2,false_positive,10,10,1.0,0.9703125,0.03450889327807801,0.96875,0.96484375,1
deepseekv4pro,new_in_v3,184,source,negative,2,false_positive,10,10,1.0,1.0,0.0,1.0,1.0,1
deepseekv4pro,new_in_v3,185,source,negative,2,false_positive,10,9,0.9,0.73359375,0.1537208503306851,0.7265625,0.75390625,1
deepseekv4pro,new_in_v3,186,source,negative,2,false_positive,10,10,1.0,0.966796875,0.03797309002973356,0.8984375,0.90234375,1
deepseekv4pro,new_in_v3,187,source,negative,2,false_positive,10,10,1.0,0.90546875,0.07729156137683754,0.91015625,0.91015625,1
deepseekv4pro,new_in_v3,189,source,negative,2,false_positive,10,10,1.0,0.998046875,0.0020587745183387888,0.99609375,0.99609375,1
deepseekv4pro,new_in_v3,190,source,negative,2,false_positive,10,10,1.0,0.971484375,0.027253695953803423,0.9921875,0.9921875,1
deepseekv4pro,new_in_v3,191,source,negative,2,false_positive,10,10,1.0,0.976953125,0.02418161916198208,0.9921875,0.9921875,1
deepseekv4pro,new_in_v3,192,source,negative,2,false_positive,10,10,1.0,1.0,0.0,1.0,1.0,1
deepseekv4pro,new_in_v3,193,source,negative,2,false_positive,10,10,1.0,1.0,0.0,1.0,1.0,1
deepseekv4pro,new_in_v3,194,source,negative,2,false_positive,10,10,1.0,0.93515625,0.06453396130300953,0.9765625,0.9765625,1
deepseekv4pro,new_in_v3,195,source,negative,2,false_positive,10,10,1.0,0.948046875,0.05279622787204936,0.671875,0.6875,1
deepseekv4pro,new_in_v3,196,source,negative,2,false_positive,10,10,1.0,0.998046875,0.0027621358640099515,1.0,1.0,1
deepseekv4pro,new_in_v3,197,source,negative,2,false_positive,10,10,1.0,0.949609375,0.0377132428031016,0.7734375,0.7734375,1
deepseekv4pro,new_in_v3,199,source,positive,1,false_negative,10,0,0.0,1.0,0.0,0.3515625,1.0,0
deepseekv4pro,new_in_v3,243,source,positive,1,false_negative,10,0,0.0,1.0,0.0,0.1513671875,1.0,0
deepseekv4pro,new_in_v3,249,source,positive,1,false_negative,10,0,0.0,1.0,0.0,0.0179443359375,1.0,0
deepseekv4pro,new_in_v3,294,source,positive,1,false_negative,10,0,0.0,1.0,0.0,0.00016880035400390625,1.0,0
deepseekv4pro,new_in_v3,312,source,positive,1,false_negative,10,0,0.0,1.0,0.0,0.4296875,1.0,0
deepseekv4pro,new_in_v3,330,source,positive,2,false_negative,10,9,0.9,0.313720703125,0.17940115111468527,0.10986328125,0.099609375,1
deepseekv4pro,new_in_v3,331,source,positive,2,false_negative,10,10,1.0,0.001967334747314453,0.0014044282912862498,0.00070953369140625,0.0006866455078125,1
deepseekv4pro,new_in_v3,332,source,positive,2,false_negative,10,8,0.8,0.31370849609375,0.1483211222856945,0.396484375,0.392578125,1
deepseekv4pro,new_in_v3,333,source,positive,2,false_negative,10,10,1.0,0.002103424072265625,0.0022966133471970557,0.0038299560546875,0.00421142578125,1
deepseekv4pro,new_in_v3,334,source,positive,2,false_negative,10,7,0.7,0.326171875,0.14725923532778146,0.294921875,0.28515625,1
deepseekv4pro,new_in_v3,335,source,positive,2,false_negative,10,10,1.0,0.1187255859375,0.06955709274798645,0.11767578125,0.11572265625,1
deepseekv4pro,new_in_v3,336,source,positive,2,false_negative,10,10,1.0,0.28134765625,0.1640292017816843,0.064453125,0.07470703125,1
deepseekv4pro,new_in_v3,337,source,positive,2,false_negative,10,7,0.7,0.43115234375,0.18853881721380691,0.48046875,0.478515625,1
deepseekv4pro,new_in_v3,338,source,positive,2,false_negative,10,10,1.0,0.024951171875,0.010063864634500392,0.0206298828125,0.0203857421875,1
deepseekv4pro,new_in_v3,339,source,positive,2,false_negative,10,8,0.8,0.29951171875,0.16846704818748806,0.412109375,0.39453125,1
deepseekv4pro,new_in_v3,340,source,positive,2,false_negative,10,10,1.0,0.036846923828125,0.033848090115531644,0.0390625,0.04345703125,1
deepseekv4pro,new_in_v3,341,source,positive,2,false_negative,10,10,1.0,0.0018812179565429687,0.0013562654254594881,0.0017547607421875,0.00180816650390625,1
deepseekv4pro,new_in_v3,342,source,positive,2,false_negative,10,10,1.0,0.037274169921875,0.031559131078464406,0.0267333984375,0.0255126953125,1
deepseekv4pro,new_in_v3,343,source,positive,2,false_negative,10,9,0.9,0.2680908203125,0.1603664455819851,0.38671875,0.3984375,1
deepseekv4pro,new_in_v3,344,source,positive,2,false_negative,10,10,1.0,0.03839111328125,0.026323541379962012,0.010986328125,0.01031494140625,1
deepseekv4pro,new_in_v3,345,source,positive,2,false_negative,10,10,1.0,0.0337677001953125,0.03286454992826631,0.0047607421875,0.0047607421875,1
deepseekv4pro,new_in_v3,346,source,positive,2,false_negative,10,10,1.0,0.05997314453125,0.05025048462500667,0.1572265625,0.16015625,1
deepseekv4pro,new_in_v3,347,source,positive,2,false_negative,10,10,1.0,0.097802734375,0.05932658491440008,0.03857421875,0.0279541015625,1
deepseekv4pro,new_in_v3,348,source,positive,2,false_negative,10,10,1.0,0.0467559814453125,0.02504663674706671,0.055908203125,0.055908203125,1
deepseekv4pro,new_in_v3,349,source,positive,2,false_negative,10,10,1.0,0.14377670288085936,0.09189592889544834,0.09033203125,0.08740234375,1
deepseekv4pro,new_in_v3,350,source,positive,2,false_negative,10,10,1.0,0.045050048828125,0.04784518218808963,0.032470703125,0.0302734375,1
deepseekv4pro,new_in_v3,351,source,positive,2,false_negative,10,4,0.4,0.6087890625,0.21846702074230387,0.2216796875,0.2236328125,1
deepseekv4pro,new_in_v3,352,source,positive,2,false_negative,10,10,1.0,0.0468017578125,0.026391113477489594,0.064453125,0.06103515625,1
deepseekv4pro,new_in_v3,353,source,positive,2,false_negative,10,6,0.6,0.462890625,0.20891489872528646,0.4765625,0.455078125,1
deepseekv4pro,new_in_v3,354,source,positive,2,false_negative,10,10,1.0,0.216259765625,0.08850110190664018,0.29296875,0.28125,1
deepseekv4pro,new_in_v3,355,source,positive,2,false_negative,10,7,0.7,0.420849609375,0.17283507877352583,0.263671875,0.28515625,1
deepseekv4pro,new_in_v3,356,source,positive,2,false_negative,10,7,0.7,0.41875,0.17592152967406968,0.2265625,0.2236328125,1
deepseekv4pro,new_in_v3,357,source,positive,2,false_negative,10,9,0.9,0.2600341796875,0.2592273881947233,0.31640625,0.32421875,1
deepseekv4pro,new_in_v3,358,source,positive,2,false_negative,10,6,0.6,0.45869140625,0.1687065225486589,0.1435546875,0.1494140625,1
deepseekv4pro,new_in_v3,359,source,positive,2,false_negative,10,5,0.5,0.508984375,0.10291895978383239,0.30078125,0.314453125,1
deepseekv4pro,new_in_v3,360,source,positive,2,false_negative,10,9,0.9,0.2857421875,0.1746844398444321,0.189453125,0.18359375,1
deepseekv4pro,new_in_v3,361,source,positive,2,false_negative,10,2,0.2,0.714453125,0.19421959849975556,0.310546875,0.318359375,1
deepseekv4pro,new_in_v3,362,source,positive,2,false_negative,10,10,1.0,0.2775390625,0.15480067846832413,0.0927734375,0.0791015625,1
deepseekv4pro,new_in_v3,363,source,positive,2,false_negative,10,8,0.8,0.2482421875,0.17889912464772798,0.125,0.1298828125,1
deepseekv4pro,new_in_v3,367,generated,positive,0,false_positive,10,0,0.0,0.797265625,0.09050088034073435,0.99609375,0.890625,0
deepseekv4pro,new_in_v3,413,generated,positive,0,false_positive,10,0,0.0,1.0,0.0,1.0,1.0,0
deepseekv4pro,new_in_v3,442,generated,positive,0,false_positive,10,0,0.0,1.0,0.0,0.98828125,1.0,0
deepseekv4pro,new_in_v3,496,generated,positive,0,false_positive,10,0,0.0,0.999609375,0.0012352647110032732,1.0,1.0,0
deepseekv4pro,new_in_v3,501,generated,positive,0,false_positive,10,0,0.0,1.0,0.0,0.9765625,1.0,0
deepseekv4pro,new_in_v3,507,generated,positive,0,false_positive,10,0,0.0,1.0,0.0,1.0,1.0,0
deepseekv4pro,new_in_v3,510,generated,positive,0,false_positive,10,0,0.0,0.9890625,0.008597694801676655,0.89453125,0.9921875,0
deepseekv4pro,new_in_v3,644,generated,positive,1,false_positive,10,0,0.0,1.0,0.0,0.88671875,1.0,0
deepseekv4pro,new_in_v3,645,generated,positive,1,false_positive,10,1,0.1,0.851171875,0.163238360761327,0.77734375,0.84765625,0
deepseekv4pro,new_in_v3,646,generated,positive,2,false_positive,10,0,0.0,1.0,0.0,0.77734375,1.0,0
deepseekv4pro,new_in_v3,647,generated,positive,2,false_positive,10,0,0.0,0.99765625,0.002017178826149696,1.0,1.0,0
deepseekv4pro,new_in_v3,648,generated,positive,2,false_positive,10,0,0.0,1.0,0.0,0.640625,1.0,0
deepseekv4pro,new_in_v3,649,generated,positive,2,false_positive,10,0,0.0,1.0,0.0,0.98046875,1.0,0
deepseekv4pro,new_in_v3,650,generated,positive,2,false_positive,10,0,0.0,1.0,0.0,0.96875,1.0,0
deepseekv4pro,new_in_v3,651,generated,positive,2,false_positive,10,0,0.0,1.0,0.0,1.0,1.0,0
deepseekv4pro,new_in_v3,652,generated,positive,2,false_positive,10,0,0.0,1.0,0.0,0.890625,1.0,0
deepseekv4pro,new_in_v3,653,generated,positive,2,false_positive,10,0,0.0,1.0,0.0,0.9375,1.0,0
deepseekv4pro,new_in_v3,654,generated,positive,2,false_positive,10,0,0.0,0.98046875,0.006889977372564038,0.6953125,0.98828125,0
deepseekv4pro,new_in_v3,655,generated,positive,2,false_positive,10,0,0.0,1.0,0.0,0.984375,1.0,0
deepseekv4pro,new_in_v3,656,generated,positive,2,false_positive,10,0,0.0,1.0,0.0,0.67578125,1.0,0
deepseekv4pro,new_in_v3,657,generated,positive,2,false_positive,10,0,0.0,1.0,0.0,0.91796875,1.0,0
deepseekv4pro,new_in_v3,658,generated,positive,2,false_positive,10,0,0.0,1.0,0.0,1.0,1.0,0
deepseekv4pro,new_in_v3,660,generated,positive,2,false_positive,10,0,0.0,0.998046875,0.0020587745183387888,0.5703125,0.99609375,0
deepseekv4pro,new_in_v3,661,generated,positive,2,false_positive,10,0,0.0,0.99453125,0.002017178826149696,0.92578125,1.0,0
deepseekv4pro,new_in_v3,662,generated,positive,2,false_positive,10,0,0.0,1.0,0.0,0.9140625,1.0,0
deepseekv4pro,new_in_v3,664,generated,positive,2,false_positive,10,0,0.0,1.0,0.0,0.95703125,1.0,0
deepseekv4pro,new_in_v3,666,generated,positive,2,false_positive,10,0,0.0,1.0,0.0,0.9140625,1.0,0
deepseekv4pro,new_in_v3,667,generated,positive,2,false_positive,10,0,0.0,1.0,0.0,0.734375,1.0,0
deepseekv4pro,new_in_v3,668,generated,positive,2,false_positive,10,0,0.0,1.0,0.0,0.94921875,1.0,0
deepseekv4pro,new_in_v3,669,generated,positive,2,false_positive,10,0,0.0,1.0,0.0,0.671875,1.0,0
deepseekv4pro,new_in_v3,670,generated,positive,2,false_positive,10,0,0.0,1.0,0.0,0.984375,1.0,0
deepseekv4pro,new_in_v3,671,generated,positive,2,false_positive,10,0,0.0,1.0,0.0,0.9921875,0.99609375,0
deepseekv4pro,new_in_v3,672,generated,positive,2,false_positive,10,0,0.0,1.0,0.0,0.68359375,1.0,0
deepseekv4pro,new_in_v3,673,generated,positive,2,false_positive,10,0,0.0,1.0,0.0,0.78515625,1.0,0
deepseekv4pro,new_in_v3,674,generated,positive,2,false_positive,10,0,0.0,1.0,0.0,0.96875,1.0,0
deepseekv4pro,new_in_v3,675,generated,positive,2,false_positive,10,0,0.0,1.0,0.0,1.0,1.0,0
deepseekv4pro,new_in_v3,676,generated,positive,2,false_positive,10,0,0.0,1.0,0.0,0.7265625,1.0,0
deepseekv4pro,new_in_v3,677,generated,positive,2,false_positive,10,0,0.0,1.0,0.0,0.8984375,1.0,0
deepseekv4pro,new_in_v3,678,generated,positive,2,false_positive,10,0,0.0,1.0,0.0,0.91015625,1.0,0
deepseekv4pro,new_in_v3,680,generated,positive,2,false_positive,10,0,0.0,1.0,0.0,0.99609375,1.0,0
deepseekv4pro,new_in_v3,681,generated,positive,2,false_positive,10,0,0.0,1.0,0.0,0.9921875,1.0,0
deepseekv4pro,new_in_v3,682,generated,positive,2,false_positive,10,0,0.0,1.0,0.0,0.9921875,1.0,0
deepseekv4pro,new_in_v3,683,generated,positive,2,false_positive,10,0,0.0,1.0,0.0,1.0,1.0,0
deepseekv4pro,new_in_v3,684,generated,positive,2,false_positive,10,0,0.0,1.0,0.0,1.0,1.0,0
deepseekv4pro,new_in_v3,685,generated,positive,2,false_positive,10,0,0.0,1.0,0.0,0.9765625,1.0,0
deepseekv4pro,new_in_v3,686,generated,positive,2,false_positive,10,0,0.0,1.0,0.0,0.671875,1.0,0
deepseekv4pro,new_in_v3,687,generated,positive,2,false_positive,10,0,0.0,1.0,0.0,1.0,1.0,0
deepseekv4pro,new_in_v3,688,generated,positive,2,false_positive,10,0,0.0,0.996484375,0.0034202931084801294,0.7734375,0.9921875,0
deepseekv4pro,new_in_v3,689,generated,negative,1,false_negative,10,0,0.0,0.0002461671829223633,0.00019062162223216307,0.3515625,4.839897155761719e-05,0
deepseekv4pro,new_in_v3,690,generated,negative,1,false_negative,10,0,0.0,0.0002735137939453125,0.00012227775907836417,0.1513671875,0.0003147125244140625,0
deepseekv4pro,new_in_v3,691,generated,negative,1,false_negative,10,0,0.0,0.004400634765625,0.00262377430415749,0.0179443359375,0.0029754638671875,0
deepseekv4pro,new_in_v3,692,generated,negative,1,false_negative,10,0,0.0,0.007514381408691406,0.00514847223505612,0.00016880035400390625,0.00592041015625,0
deepseekv4pro,new_in_v3,693,generated,negative,1,false_negative,10,0,0.0,1.1827051639556885e-05,5.623880865797544e-06,0.4296875,2.014636993408203e-05,0
deepseekv4pro,new_in_v3,694,generated,negative,2,false_negative,10,0,0.0,2.0600855350494385e-06,6.32449024113818e-07,0.10986328125,1.4603137969970703e-06,0
deepseekv4pro,new_in_v3,695,generated,negative,2,false_negative,10,0,0.0,9.617209434509277e-06,4.070804029971461e-06,0.00070953369140625,6.139278411865234e-06,0
deepseekv4pro,new_in_v3,696,generated,negative,2,false_negative,10,0,0.0,0.002941131591796875,0.0012576048886501045,0.396484375,0.002716064453125,0
deepseekv4pro,new_in_v3,697,generated,negative,2,false_negative,10,0,0.0,1.0213255882263183e-05,3.1508524038861223e-06,0.0038299560546875,8.404254913330078e-06,0
deepseekv4pro,new_in_v3,698,generated,negative,2,false_negative,10,0,0.0,1.0916590690612793e-05,2.895312619866989e-06,0.294921875,1.0788440704345703e-05,0
deepseekv4pro,new_in_v3,699,generated,negative,2,false_negative,10,0,0.0,5.921721458435058e-06,2.2118865267178985e-06,0.11767578125,3.725290298461914e-06,0
deepseekv4pro,new_in_v3,700,generated,negative,2,false_negative,10,0,0.0,6.672739982604981e-06,1.998235283155971e-06,0.064453125,7.420778274536133e-06,0
deepseekv4pro,new_in_v3,701,generated,negative,2,false_negative,10,0,0.0,0.0009106636047363281,0.0010695334935659291,0.48046875,0.0008544921875,0
deepseekv4pro,new_in_v3,702,generated,negative,2,false_negative,10,0,0.0,0.0030731201171875,0.002598407954489408,0.0206298828125,0.00075531005859375,0
deepseekv4pro,new_in_v3,703,generated,negative,2,false_negative,10,0,0.0,1.0508298873901368e-05,3.6675885240143277e-06,0.412109375,1.2218952178955078e-05,0
deepseekv4pro,new_in_v3,704,generated,negative,2,false_negative,10,0,0.0,0.0002197265625,9.572301905732186e-05,0.0390625,0.000148773193359375,0
deepseekv4pro,new_in_v3,705,generated,negative,2,false_negative,10,0,0.0,1.965761184692383e-05,7.674317590829279e-06,0.0017547607421875,9.5367431640625e-06,0
deepseekv4pro,new_in_v3,706,generated,negative,2,false_negative,10,0,0.0,3.9175152778625485e-06,1.2775750781837008e-06,0.0267333984375,3.293156623840332e-06,0
deepseekv4pro,new_in_v3,707,generated,negative,2,false_negative,10,0,0.0,3.243684768676758e-05,1.4452861154815282e-05,0.38671875,2.586841583251953e-05,0
deepseekv4pro,new_in_v3,708,generated,negative,2,false_negative,10,0,0.0,6.670951843261719e-05,5.779890675250654e-05,0.010986328125,3.314018249511719e-05,0
deepseekv4pro,new_in_v3,709,generated,negative,2,false_negative,10,0,0.0,7.076263427734375e-05,2.8515765750986174e-05,0.0047607421875,3.123283386230469e-05,0
deepseekv4pro,new_in_v3,710,generated,negative,2,false_negative,10,0,0.0,0.00037059783935546877,0.00016626129485784017,0.1572265625,0.00145721435546875,0
deepseekv4pro,new_in_v3,711,generated,negative,2,false_negative,10,0,0.0,6.057322025299072e-06,2.1424446470273374e-06,0.03857421875,7.867813110351562e-06,0
deepseekv4pro,new_in_v3,712,generated,negative,2,false_negative,10,0,0.0,5.133450031280518e-06,1.8659899402900247e-06,0.055908203125,4.231929779052734e-06,0
deepseekv4pro,new_in_v3,713,generated,negative,2,false_negative,10,0,0.0,1.3652443885803223e-05,5.32023997981387e-06,0.09033203125,2.586841583251953e-05,0
deepseekv4pro,new_in_v3,714,generated,negative,2,false_negative,10,0,0.0,0.0007434844970703125,0.0005157863193201727,0.032470703125,0.0003566741943359375,0
deepseekv4pro,new_in_v3,715,generated,negative,2,false_negative,10,0,0.0,4.416704177856445e-06,1.4595567163696853e-06,0.2216796875,3.9637088775634766e-06,0
deepseekv4pro,new_in_v3,716,generated,negative,2,false_negative,10,0,0.0,2.8717517852783204e-05,1.3235208054295195e-05,0.064453125,2.4318695068359375e-05,0
deepseekv4pro,new_in_v3,717,generated,negative,2,false_negative,10,0,0.0,0.0014636993408203125,0.0010084952259822367,0.4765625,0.000606536865234375,0
deepseekv4pro,new_in_v3,718,generated,negative,2,false_negative,10,0,0.0,0.00133514404296875,0.00046439837553793835,0.29296875,0.00186920166015625,0
deepseekv4pro,new_in_v3,719,generated,negative,2,false_negative,10,0,0.0,2.3037195205688477e-05,5.901578924674006e-06,0.263671875,2.753734588623047e-05,0
deepseekv4pro,new_in_v3,720,generated,negative,2,false_negative,10,0,0.0,0.00032110214233398436,0.00011382471303347371,0.2265625,0.0002460479736328125,0
deepseekv4pro,new_in_v3,721,generated,negative,2,false_negative,10,0,0.0,2.185255289077759e-06,9.5659993786367e-07,0.31640625,1.6540288925170898e-06,0
deepseekv4pro,new_in_v3,722,generated,negative,2,false_negative,10,0,0.0,0.0018096923828125,0.0018828477363753934,0.1435546875,0.000667572021484375,0
deepseekv4pro,new_in_v3,723,generated,negative,2,false_negative,10,0,0.0,0.00073699951171875,0.0003421471330027682,0.30078125,0.000827789306640625,0
deepseekv4pro,new_in_v3,724,generated,negative,2,false_negative,10,0,0.0,0.00011811256408691406,6.36831253672943e-05,0.189453125,5.14984130859375e-05,0
deepseekv4pro,new_in_v3,725,generated,negative,2,false_negative,10,0,0.0,0.0010004997253417968,0.0010755706810678938,0.310546875,0.0002460479736328125,0
deepseekv4pro,new_in_v3,726,generated,negative,2,false_negative,10,0,0.0,0.002750396728515625,0.0014009781189189014,0.0927734375,0.0021820068359375,0
deepseekv4pro,new_in_v3,727,generated,negative,2,false_negative,10,6,0.6,0.55244140625,0.2246320423722172,0.125,0.5625,1
deepseekv4pro,overlong_excluded,83,source,negative,0,false_positive,10,0,0.0,0.003145599365234375,0.0011785105753832482,0.97265625,0.00180816650390625,0
deepseekv4pro,overlong_excluded,133,source,negative,0,false_positive,10,10,1.0,0.928515625,0.09262289046040176,1.0,1.0,1
deepseekv4pro,overlong_excluded,168,source,negative,2,false_positive,10,10,1.0,0.99921875,0.0016470196146710309,0.9375,0.9375,1
deepseekv4pro,overlong_excluded,172,source,negative,2,false_positive,10,9,0.9,0.65888671875,0.21718658764203103,0.57421875,0.57421875,1
deepseekv4pro,overlong_excluded,174,source,negative,2,false_positive,10,10,1.0,1.0,0.0,1.0,1.0,1
deepseekv4pro,overlong_excluded,188,source,negative,2,false_positive,10,6,0.6,0.5966796875,0.26678731096612285,0.79296875,0.78125,1
deepseekv4pro,overlong_excluded,447,generated,positive,0,false_positive,10,0,0.0,0.9625,0.026442231813216692,0.97265625,0.99609375,0
deepseekv4pro,overlong_excluded,497,generated,positive,0,false_positive,10,0,0.0,0.9921875,0.0026041666666666665,1.0,0.99609375,0
deepseekv4pro,overlong_excluded,659,generated,positive,2,false_positive,10,0,0.0,1.0,0.0,0.9375,1.0,0
deepseekv4pro,overlong_excluded,663,generated,positive,2,false_positive,10,0,0.0,0.989453125,0.007603542354508558,0.57421875,0.98828125,0
deepseekv4pro,overlong_excluded,665,generated,positive,2,false_positive,10,0,0.0,1.0,0.0,1.0,1.0,0
deepseekv4pro,overlong_excluded,679,generated,positive,2,false_positive,10,0,0.0,1.0,0.0,0.79296875,1.0,0
gptoss120b,in_v2_train,0,source,negative,0,false_positive,10,0,0.0,0.0010320663452148438,0.00036807650217508575,1.0,0.0002460479736328125,0
gptoss120b,in_v2_train,1,source,negative,0,false_positive,10,0,0.0,0.0259033203125,0.013310460150761053,1.0,0.010986328125,0
gptoss120b,in_v2_train,3,source,negative,0,false_positive,10,0,0.0,0.000762176513671875,0.00019735749206995076,0.95703125,0.000644683837890625,0
gptoss120b,in_v2_train,4,source,negative,0,false_positive,10,0,0.0,0.00012977123260498046,6.0202047229934215e-05,0.98828125,7.009506225585938e-05,0
gptoss120b,in_v2_train,5,source,negative,0,false_positive,10,0,0.0,0.00022826194763183593,0.00011139363495084817,0.94921875,5.14984130859375e-05,0
gptoss120b,in_v2_train,6,source,negative,0,false_positive,10,0,0.0,0.0012821197509765626,0.00027256895103944815,0.84375,0.00141143798828125,0
gptoss120b,in_v2_train,7,source,negative,0,false_positive,10,0,0.0,0.0005586624145507812,0.00022772470009502858,1.0,0.00020313262939453125,0
gptoss120b,in_v2_train,8,source,negative,0,false_positive,10,0,0.0,2.2023916244506836e-05,1.0407123838260705e-05,0.9765625,1.2993812561035156e-05,0
gptoss120b,in_v2_train,9,source,negative,0,false_positive,10,0,0.0,0.000555419921875,0.00018031322505822778,0.9921875,0.00040435791015625,0
gptoss120b,in_v2_train,10,source,negative,0,false_positive,10,0,0.0,2.9347836971282957e-06,1.0380574874223155e-06,0.796875,2.115964889526367e-06,0
gptoss120b,in_v2_train,11,source,negative,0,false_positive,10,0,0.0,0.0001613140106201172,7.043144709415993e-05,0.9921875,7.486343383789062e-05,0
gptoss120b,in_v2_train,12,source,negative,0,false_positive,10,0,0.0,0.0006921291351318359,0.00031287488848677394,0.98828125,0.000392913818359375,0
gptoss120b,in_v2_train,13,source,negative,0,false_positive,10,0,0.0,8.192062377929688e-05,1.4371716904136124e-05,1.0,3.528594970703125e-05,0
gptoss120b,in_v2_train,14,source,negative,0,false_positive,10,0,0.0,0.000489044189453125,0.00022770117963436898,0.96875,0.000431060791015625,0
gptoss120b,in_v2_train,15,source,negative,0,false_positive,10,0,0.0,0.00039267539978027344,0.00016496930963214224,0.55859375,0.00048828125,0
gptoss120b,in_v2_train,16,source,negative,0,false_positive,10,0,0.0,0.0022510528564453126,0.001052565311716601,0.984375,0.00102996826171875,0
gptoss120b,in_v2_train,17,source,negative,0,false_positive,10,0,0.0,1.1098384857177734e-05,4.640412894104422e-06,0.7578125,1.4722347259521484e-05,0
gptoss120b,in_v2_train,19,source,negative,0,false_positive,10,0,0.0,0.0007640838623046875,0.0005263124175781853,0.92578125,0.00021648406982421875,0
gptoss120b,in_v2_train,20,source,negative,0,false_positive,10,0,0.0,0.0013095855712890625,0.00024037671771904676,0.9453125,0.00124359130859375,0
gptoss120b,in_v2_train,21,source,negative,0,false_positive,10,0,0.0,2.8602778911590574e-06,1.4393423452009028e-06,0.8046875,3.9637088775634766e-06,0
gptoss120b,in_v2_train,22,source,negative,0,false_positive,10,0,0.0,0.0003192901611328125,0.00015198655316653269,0.59375,0.0004177093505859375,0
gptoss120b,in_v2_train,23,source,negative,0,false_positive,10,0,0.0,3.0255317687988283e-05,1.0374298341765967e-05,0.91015625,2.753734588623047e-05,0
gptoss120b,in_v2_train,24,source,negative,0,false_positive,10,0,0.0,0.00010747909545898438,2.7481710287975887e-05,0.94921875,8.487701416015625e-05,0
gptoss120b,in_v2_train,26,source,negative,0,false_positive,10,0,0.0,6.103515625e-05,3.078324567226627e-05,0.8515625,1.4722347259521484e-05,0
gptoss120b,in_v2_train,29,source,negative,0,false_positive,10,0,0.0,0.0002760887145996094,0.00018859082082009826,0.74609375,0.0003452301025390625,0
gptoss120b,in_v2_train,30,source,negative,0,false_positive,10,0,0.0,0.00015932023525238036,0.0001117238559506566,1.0,6.139278411865234e-06,0
gptoss120b,in_v2_train,31,source,negative,0,false_positive,10,0,0.0,3.1328201293945314e-05,2.1760824185366194e-05,0.75,2.014636993408203e-05,0
gptoss120b,in_v2_train,33,source,negative,0,false_positive,10,0,0.0,9.925663471221924e-06,5.557813298211231e-06,0.99609375,3.725290298461914e-06,0
gptoss120b,in_v2_train,36,source,negative,0,false_positive,10,0,0.0,0.006224822998046875,0.003908551468635212,0.96875,0.00159454345703125,0
gptoss120b,in_v2_train,37,source,negative,0,false_positive,10,0,0.0,0.0004907608032226563,0.0001969963781820275,0.9453125,0.0003795623779296875,0
gptoss120b,in_v2_train,39,source,negative,0,false_positive,10,0,0.0,8.782744407653808e-06,5.814946583488526e-06,0.55078125,2.726912498474121e-06,0
gptoss120b,in_v2_train,40,source,negative,0,false_positive,10,0,0.0,0.14931640625,0.0758805052093613,0.9921875,0.019775390625,0
gptoss120b,in_v2_train,41,source,negative,0,false_positive,10,0,0.0,0.00194549560546875,0.00039447240736879965,0.95703125,0.00225830078125,0
gptoss120b,in_v2_train,42,source,negative,0,false_positive,10,0,0.0,0.001016998291015625,0.00024709110775609865,0.984375,0.00096893310546875,0
gptoss120b,in_v2_train,43,source,negative,0,false_positive,10,0,0.0,5.792379379272461e-05,1.9305563207259786e-05,0.96875,2.9325485229492188e-05,0
gptoss120b,in_v2_train,44,source,negative,0,false_positive,10,0,0.0,0.0002350330352783203,0.00010166127706005262,0.70703125,9.012222290039062e-05,0
gptoss120b,in_v2_train,45,source,negative,0,false_positive,10,0,0.0,0.0002947807312011719,0.0001286085595748302,0.9296875,0.00021648406982421875,0
gptoss120b,in_v2_train,46,source,negative,0,false_positive,10,0,0.0,0.013751220703125,0.011771974845831633,1.0,0.0023193359375,0
gptoss120b,in_v2_train,47,source,negative,0,false_positive,10,0,0.0,9.769201278686524e-06,4.269836092884241e-06,0.9140625,4.798173904418945e-06,0
gptoss120b,in_v2_train,48,source,negative,0,false_positive,10,0,0.0,0.0002014636993408203,8.432194004477395e-05,0.91796875,2.014636993408203e-05,0
gptoss120b,in_v2_train,49,source,negative,0,false_positive,10,0,0.0,0.0005952835083007813,0.0001659976617983767,0.953125,0.00014019012451171875,0
gptoss120b,in_v2_train,51,source,negative,0,false_positive,10,0,0.0,0.00019850730895996094,0.00016531505605792756,0.9453125,7.486343383789062e-05,0
gptoss120b,in_v2_train,53,source,negative,0,false_positive,10,0,0.0,0.0001756519079208374,0.0001575395666910926,1.0,0.0001583099365234375,0
gptoss120b,in_v2_train,54,source,negative,0,false_positive,10,0,0.0,4.315376281738282e-06,2.1991789559160446e-06,0.98046875,4.500150680541992e-06,0
gptoss120b,in_v2_train,55,source,negative,0,false_positive,10,0,0.0,5.170106887817383e-05,3.0684040417793854e-05,0.80078125,4.798173904418945e-06,0
gptoss120b,in_v2_train,56,source,negative,0,false_positive,10,0,0.0,0.0007923126220703125,0.0004996308552050865,0.9296875,0.00150299072265625,0
gptoss120b,in_v2_train,58,source,negative,0,false_positive,10,0,0.0,0.001372528076171875,0.00031095853913542875,0.96484375,0.00124359130859375,0
gptoss120b,in_v2_train,59,source,negative,0,false_positive,10,0,0.0,0.00015254020690917968,8.824349417386886e-05,0.9765625,2.9325485229492188e-05,0
gptoss120b,in_v2_train,61,source,negative,0,false_positive,10,0,0.0,0.00042572021484375,0.00017991768014183975,0.953125,0.000644683837890625,0
gptoss120b,in_v2_train,64,source,negative,0,false_positive,10,0,0.0,0.00021505355834960938,7.619221846050402e-05,0.5546875,0.00016880035400390625,0
gptoss120b,in_v2_train,66,source,negative,0,false_positive,10,0,0.0,0.00010879039764404297,5.698553732548096e-05,0.7265625,2.586841583251953e-05,0
gptoss120b,in_v2_train,67,source,negative,0,false_positive,10,0,0.0,0.0001342296600341797,6.56190804184613e-05,0.921875,8.487701416015625e-05,0
gptoss120b,in_v2_train,69,source,negative,0,false_positive,10,0,0.0,0.0004261016845703125,0.0001614693256899617,0.98828125,0.0002460479736328125,0
gptoss120b,in_v2_train,70,source,negative,0,false_positive,10,0,0.0,2.106130123138428e-05,8.456254567101026e-06,0.921875,1.6689300537109375e-05,0
gptoss120b,in_v2_train,71,source,negative,0,false_positive,10,0,0.0,8.678436279296875e-06,4.862962240790787e-06,0.87109375,9.5367431640625e-06,0
gptoss120b,in_v2_train,72,source,negative,0,false_positive,10,0,0.0,1.2788921594619751e-06,2.911454655799623e-07,0.96875,1.6540288925170898e-06,0
gptoss120b,in_v2_train,73,source,negative,0,false_positive,10,0,0.0,1.2077391147613525e-06,1.8128725462972177e-07,0.66796875,1.55717134475708e-06,0
gptoss120b,in_v2_train,74,source,negative,0,false_positive,10,0,0.0,0.0001300692558288574,9.094297183565976e-05,0.9921875,6.198883056640625e-05,0
gptoss120b,in_v2_train,76,source,negative,0,false_positive,10,0,0.0,0.00014066696166992188,9.489259126693279e-05,1.0,0.000335693359375,0
gptoss120b,in_v2_train,77,source,negative,0,false_positive,10,0,0.0,9.706616401672363e-06,4.642514636170429e-06,0.984375,7.867813110351562e-06,0
gptoss120b,in_v2_train,78,source,negative,0,false_positive,10,0,0.0,1.5926361083984374e-05,5.161745413013004e-06,0.99609375,2.276897430419922e-05,0
gptoss120b,in_v2_train,79,source,negative,0,false_positive,10,0,0.0,2.1463632583618165e-05,1.4610136122052965e-05,0.96484375,5.14984130859375e-05,0
gptoss120b,in_v2_train,81,source,negative,0,false_positive,10,0,0.0,0.0010376930236816405,0.0006982975081561441,0.9921875,0.0013275146484375,0
gptoss120b,in_v2_train,82,source,negative,0,false_positive,10,0,0.0,2.105832099914551e-05,5.4820469926419065e-06,0.984375,4.267692565917969e-05,0
gptoss120b,in_v2_train,83,source,negative,0,false_positive,10,0,0.0,1.0341405868530273e-05,5.245001775579048e-06,0.96484375,7.867813110351562e-06,0
gptoss120b,in_v2_train,84,source,negative,0,false_positive,10,0,0.0,0.007201766967773438,0.0061024644926732825,1.0,0.00537109375,0
gptoss120b,in_v2_train,85,source,negative,0,false_positive,10,0,0.0,8.819252252578736e-06,6.710599933282854e-06,0.98828125,1.0132789611816406e-05,0
gptoss120b,in_v2_train,86,source,negative,0,false_positive,10,0,0.0,1.6421079635620117e-05,7.343838914425548e-06,0.98828125,1.4722347259521484e-05,0
gptoss120b,in_v2_train,87,source,negative,0,false_positive,10,0,0.0,4.280209541320801e-05,3.035374882686633e-05,0.98046875,3.314018249511719e-05,0
gptoss120b,in_v2_train,88,source,negative,0,false_positive,10,0,0.0,6.251037120819092e-06,3.93157442169494e-06,0.58203125,2.115964889526367e-06,0
gptoss120b,in_v2_train,89,source,negative,0,false_positive,10,0,0.0,0.0005292892456054688,0.00017492754521872644,1.0,0.00019073486328125,0
gptoss120b,in_v2_train,90,source,negative,0,false_positive,10,0,0.0,0.0001894235610961914,0.00012187474625854557,0.9921875,0.000148773193359375,0
gptoss120b,in_v2_train,91,source,negative,0,false_positive,10,0,0.0,2.0116567611694336e-05,9.043432216750988e-06,0.97265625,1.0132789611816406e-05,0
gptoss120b,in_v2_train,92,source,negative,0,false_positive,10,0,0.0,0.0004795074462890625,0.00019407984392213343,0.953125,0.0002460479736328125,0
gptoss120b,in_v2_train,93,source,negative,0,false_positive,10,0,0.0,1.3953447341918945e-05,5.172261524008203e-06,1.0,1.150369644165039e-05,0
gptoss120b,in_v2_train,94,source,negative,0,false_positive,10,0,0.0,0.0006578445434570312,0.00014955486452763935,0.953125,0.0006256103515625,0
gptoss120b,in_v2_train,95,source,negative,0,false_positive,10,0,0.0,3.988742828369141e-05,1.647631664645316e-05,1.0,1.0132789611816406e-05,0
gptoss120b,in_v2_train,96,source,negative,0,false_positive,10,0,0.0,1.4919042587280274e-05,5.436420681162697e-06,0.9921875,3.123283386230469e-05,0
gptoss120b,in_v2_train,97,source,negative,0,false_positive,10,0,0.0,0.00039501190185546874,0.0001533712043533623,0.99609375,0.0004177093505859375,0
gptoss120b,in_v2_train,98,source,negative,0,false_positive,10,0,0.0,0.0002703666687011719,0.00017332227208169128,1.0,0.0008544921875,0
gptoss120b,in_v2_train,99,source,negative,0,false_positive,10,0,0.0,0.0003844261169433594,0.0001611320491272572,1.0,0.0002956390380859375,0
gptoss120b,in_v2_train,100,source,negative,0,false_positive,10,0,0.0,0.00020184516906738282,0.00010236697890564185,0.99609375,6.628036499023438e-05,0
gptoss120b,in_v2_train,101,source,negative,0,false_positive,10,0,0.0,0.006378173828125,0.003152473862473524,0.98828125,0.002471923828125,0
gptoss120b,in_v2_train,103,source,negative,0,false_positive,10,0,0.0,8.589029312133789e-06,3.664320469261375e-06,0.93359375,8.940696716308594e-06,0
gptoss120b,in_v2_train,104,source,negative,0,false_positive,10,0,0.0,0.00027790069580078123,0.0001113466213525205,1.0,0.00019073486328125,0
gptoss120b,in_v2_train,105,source,negative,0,false_positive,10,0,0.0,2.4113059043884278e-05,1.2662059121907446e-05,0.97265625,1.3828277587890625e-05,0
gptoss120b,in_v2_train,106,source,negative,0,false_positive,10,0,0.0,0.00090789794921875,0.000339548534785354,1.0,0.00057220458984375,0
gptoss120b,in_v2_train,107,source,negative,0,false_positive,10,0,0.0,1.3706088066101074e-05,7.599669473749794e-06,0.984375,1.7762184143066406e-05,0
gptoss120b,in_v2_train,108,source,negative,0,false_positive,10,0,0.0,0.000960540771484375,0.00023397362743977828,1.0,0.0007781982421875,0
gptoss120b,in_v2_train,109,source,negative,0,false_positive,10,0,0.0,6.303191184997559e-06,2.4520246992371264e-06,1.0,7.867813110351562e-06,0
gptoss120b,in_v2_train,110,source,negative,0,false_positive,10,0,0.0,0.00021328926086425782,0.00010875838056351593,0.96875,5.4836273193359375e-05,0
gptoss120b,in_v2_train,111,source,negative,0,false_positive,10,0,0.0,0.000974273681640625,0.0003421301201148932,1.0,0.001068115234375,0
gptoss120b,in_v2_train,112,source,negative,0,false_positive,10,0,0.0,5.3316354751586916e-06,2.1124734115825205e-06,0.98828125,4.231929779052734e-06,0
gptoss120b,in_v2_train,113,source,negative,0,false_positive,10,0,0.0,0.0008787155151367187,0.0006611433052309235,1.0,0.000518798828125,0
gptoss120b,in_v2_train,115,source,negative,0,false_positive,10,0,0.0,0.01866455078125,0.00869801778220604,0.9921875,0.005218505859375,0
gptoss120b,in_v2_train,116,source,negative,0,false_positive,10,0,0.0,0.00018746852874755858,0.00017666350342942342,1.0,0.00019073486328125,0
gptoss120b,in_v2_train,117,source,negative,0,false_positive,10,0,0.0,5.407333374023438e-05,1.6333480527612212e-05,1.0,0.00012302398681640625,0
gptoss120b,in_v2_train,119,source,negative,0,false_positive,10,0,0.0,7.775425910949706e-06,3.5250113346550702e-06,0.8515625,7.867813110351562e-06,0
gptoss120b,in_v2_train,120,source,negative,0,false_positive,10,0,0.0,7.649660110473633e-05,6.007880255571227e-05,0.98046875,0.00010251998901367188,0
gptoss120b,in_v2_train,122,source,negative,0,false_positive,10,0,0.0,0.00014264583587646483,9.517239455461186e-05,0.99609375,0.000179290771484375,0
gptoss120b,in_v2_train,123,source,negative,0,false_positive,10,0,0.0,4.712939262390137e-05,3.043242504552195e-05,0.8828125,5.14984130859375e-05,0
gptoss120b,in_v2_train,125,source,negative,0,false_positive,10,0,0.0,1.0764598846435547e-05,3.6596852799820296e-06,0.9453125,6.5267086029052734e-06,0
gptoss120b,in_v2_train,126,source,negative,0,false_positive,10,0,0.0,8.680820465087891e-05,6.028239839705093e-05,0.99609375,0.0001087188720703125,0
gptoss120b,in_v2_train,127,source,negative,0,false_positive,10,0,0.0,8.404254913330078e-06,3.127524620153517e-06,0.99609375,9.5367431640625e-06,0
gptoss120b,in_v2_train,128,source,negative,0,false_positive,10,0,0.0,3.885626792907715e-05,3.002994356871535e-05,1.0,5.4836273193359375e-05,0
gptoss120b,in_v2_train,129,source,negative,0,false_positive,10,0,0.0,0.0013288497924804688,0.001578557355820901,0.96875,0.00057220458984375,0
gptoss120b,in_v2_train,132,source,negative,1,false_positive,10,0,0.0,0.0017177581787109375,0.0005432728044993814,0.984375,0.0013275146484375,0
gptoss120b,in_v2_train,133,source,negative,1,false_positive,10,0,0.0,0.001349639892578125,0.0004910345072450936,0.81640625,0.002471923828125,0
gptoss120b,in_v2_train,134,source,negative,1,false_positive,10,0,0.0,0.001134490966796875,0.0003689039955970587,0.72265625,0.0010986328125,0
gptoss120b,in_v2_train,135,source,negative,1,false_positive,10,0,0.0,0.0007427215576171875,0.0001969576957821993,0.76171875,0.00070953369140625,0
gptoss120b,in_v2_train,136,source,negative,1,false_positive,10,0,0.0,0.0002197265625,7.275784360584529e-05,0.57421875,0.00016880035400390625,0
gptoss120b,in_v2_train,155,source,positive,0,false_negative,10,0,0.0,1.0,0.0,0.48046875,1.0,0
gptoss120b,in_v2_train,156,source,positive,0,false_negative,10,0,0.0,1.0,0.0,0.453125,1.0,0
gptoss120b,in_v2_train,157,source,positive,0,false_negative,10,0,0.0,1.0,0.0,0.349609375,1.0,0
gptoss120b,in_v2_train,158,source,positive,0,false_negative,10,0,0.0,1.0,0.0,0.2177734375,1.0,0
gptoss120b,in_v2_train,159,source,positive,0,false_negative,10,0,0.0,1.0,0.0,0.4453125,1.0,0
gptoss120b,in_v2_train,160,source,positive,0,false_negative,10,0,0.0,1.0,0.0,0.099609375,1.0,0
gptoss120b,in_v2_train,161,source,positive,0,false_negative,10,0,0.0,1.0,0.0,0.466796875,1.0,0
gptoss120b,in_v2_train,162,source,positive,0,false_negative,10,0,0.0,0.99921875,0.0016470196146710309,0.09423828125,0.99609375,0
gptoss120b,in_v2_train,163,source,positive,0,false_negative,10,0,0.0,1.0,0.0,0.1904296875,1.0,0
gptoss120b,in_v2_train,165,source,positive,0,false_negative,10,0,0.0,1.0,0.0,0.26171875,1.0,0
gptoss120b,in_v2_train,166,source,positive,0,false_negative,10,0,0.0,1.0,0.0,0.46875,1.0,0
gptoss120b,in_v2_train,167,source,positive,0,false_negative,10,0,0.0,0.89140625,0.03723138750137816,0.2392578125,0.90625,0
gptoss120b,in_v2_train,168,source,positive,0,false_negative,10,0,0.0,1.0,0.0,0.203125,1.0,0
gptoss120b,in_v2_train,169,source,positive,0,false_negative,10,0,0.0,0.998046875,0.0020587745183387888,0.310546875,0.99609375,0
gptoss120b,in_v2_train,170,source,positive,1,false_negative,10,0,0.0,1.0,0.0,0.0005340576171875,1.0,0
gptoss120b,in_v2_train,171,source,positive,1,false_negative,10,0,0.0,0.9953125,0.004801846071506712,0.3359375,0.99609375,0
gptoss120b,in_v2_train,172,source,positive,1,false_negative,10,0,0.0,1.0,0.0,0.396484375,1.0,0
gptoss120b,in_v2_train,173,source,positive,1,false_negative,10,0,0.0,0.99921875,0.0016470196146710309,0.01202392578125,0.99609375,0
gptoss120b,in_v2_train,174,source,positive,1,false_negative,10,0,0.0,0.9984375,0.002017178826149696,0.002044677734375,0.99609375,0
gptoss120b,in_v2_train,175,source,positive,1,false_negative,10,0,0.0,1.0,0.0,0.44921875,1.0,0
gptoss120b,in_v2_train,176,source,positive,1,false_negative,10,0,0.0,1.0,0.0,0.2421875,1.0,0
gptoss120b,in_v2_train,177,source,positive,1,false_negative,10,0,0.0,0.9984375,0.002017178826149696,0.1884765625,0.99609375,0
gptoss120b,in_v2_train,178,source,positive,1,false_negative,10,0,0.0,1.0,0.0,0.1982421875,1.0,0
gptoss120b,in_v2_train,179,source,positive,1,false_negative,10,0,0.0,0.9375,0.04621937330546575,0.474609375,0.82421875,0
gptoss120b,in_v2_train,180,source,positive,1,false_negative,10,0,0.0,1.0,0.0,0.435546875,1.0,0
gptoss120b,in_v2_train,181,source,positive,1,false_negative,10,0,0.0,0.998828125,0.0018868980138267498,0.12255859375,1.0,0
gptoss120b,in_v2_train,182,source,positive,1,false_negative,10,0,0.0,1.0,0.0,0.0091552734375,1.0,0
gptoss120b,in_v2_train,183,source,positive,1,false_negative,10,0,0.0,1.0,0.0,0.33203125,1.0,0
gptoss120b,in_v2_train,184,source,positive,1,false_negative,10,0,0.0,1.0,0.0,0.0023956298828125,1.0,0
gptoss120b,in_v2_train,185,source,positive,1,false_negative,10,0,0.0,1.0,0.0,0.158203125,1.0,0
gptoss120b,in_v2_train,186,source,positive,1,false_negative,10,0,0.0,0.998046875,0.0020587745183387888,0.03515625,0.99609375,0
gptoss120b,in_v2_train,187,source,positive,1,false_negative,10,0,0.0,0.999609375,0.0012352647110032732,0.0260009765625,1.0,0
gptoss120b,in_v2_train,188,source,positive,1,false_negative,10,0,0.0,1.0,0.0,0.2119140625,1.0,0
gptoss120b,in_v2_train,189,source,positive,1,false_negative,10,0,0.0,0.999609375,0.0012352647110032732,0.04150390625,0.99609375,0
gptoss120b,in_v2_train,190,source,positive,1,false_negative,10,0,0.0,1.0,0.0,0.1845703125,1.0,0
gptoss120b,in_v2_train,191,source,positive,1,false_negative,10,0,0.0,1.0,0.0,0.01544189453125,0.99609375,0
gptoss120b,in_v2_train,192,source,positive,1,false_negative,10,0,0.0,0.99765625,0.002017178826149696,0.27734375,0.99609375,0
gptoss120b,in_v2_train,193,source,positive,1,false_negative,10,0,0.0,1.0,0.0,0.48046875,1.0,0
gptoss120b,in_v2_train,194,source,positive,1,false_negative,10,0,0.0,0.966796875,0.012110075024569188,0.0849609375,0.97265625,0
gptoss120b,in_v2_train,195,source,positive,1,false_negative,10,0,0.0,1.0,0.0,0.494140625,1.0,0
gptoss120b,in_v2_train,196,source,positive,1,false_negative,10,0,0.0,0.998828125,0.0018868980138267496,0.2109375,1.0,0
gptoss120b,in_v2_train,197,source,positive,1,false_negative,10,0,0.0,1.0,0.0,0.470703125,1.0,0
gptoss120b,in_v2_train,198,source,positive,1,false_negative,10,0,0.0,1.0,0.0,0.051025390625,1.0,0
gptoss120b,in_v2_train,199,source,positive,1,false_negative,10,0,0.0,1.0,0.0,0.09521484375,1.0,0
gptoss120b,in_v2_train,200,source,positive,1,false_negative,10,0,0.0,1.0,0.0,0.26953125,1.0,0
gptoss120b,in_v2_train,201,source,positive,1,false_negative,10,0,0.0,1.0,0.0,0.00096893310546875,1.0,0
gptoss120b,in_v2_train,202,source,positive,1,false_negative,10,0,0.0,1.0,0.0,0.16015625,1.0,0
gptoss120b,in_v2_train,203,source,positive,1,false_negative,10,0,0.0,1.0,0.0,0.07177734375,1.0,0
gptoss120b,in_v2_train,204,source,positive,1,false_negative,10,0,0.0,1.0,0.0,0.11767578125,1.0,0
gptoss120b,in_v2_train,205,source,positive,1,false_negative,10,0,0.0,1.0,0.0,0.08740234375,1.0,0
gptoss120b,in_v2_train,206,source,positive,1,false_negative,10,0,0.0,1.0,0.0,0.486328125,1.0,0
gptoss120b,in_v2_train,207,source,positive,1,false_negative,10,0,0.0,0.999609375,0.0012352647110032732,0.006103515625,1.0,0
gptoss120b,in_v2_train,208,source,positive,1,false_negative,10,0,0.0,1.0,0.0,0.41015625,1.0,0
gptoss120b,in_v2_train,209,source,positive,1,false_negative,10,0,0.0,1.0,0.0,0.30078125,1.0,0
gptoss120b,in_v2_train,211,source,positive,1,false_negative,10,0,0.0,1.0,0.0,0.294921875,1.0,0
gptoss120b,in_v2_train,212,source,positive,1,false_negative,10,0,0.0,1.0,0.0,0.040283203125,1.0,0
gptoss120b,in_v2_train,213,source,positive,1,false_negative,10,0,0.0,1.0,0.0,0.306640625,1.0,0
gptoss120b,in_v2_train,214,source,positive,1,false_negative,10,0,0.0,0.994140625,0.009067961117958412,0.015869140625,0.99609375,0
gptoss120b,in_v2_train,215,source,positive,1,false_negative,10,0,0.0,1.0,0.0,0.00186920166015625,1.0,0
gptoss120b,in_v2_train,216,source,positive,1,false_negative,10,0,0.0,1.0,0.0,0.08740234375,1.0,0
gptoss120b,in_v2_train,217,source,positive,1,false_negative,10,0,0.0,0.998828125,0.0018868980138267498,0.01495361328125,1.0,0
gptoss120b,in_v2_train,218,source,positive,1,false_negative,10,0,0.0,1.0,0.0,0.010986328125,1.0,0
gptoss120b,in_v2_train,219,source,positive,1,false_negative,10,0,0.0,1.0,0.0,0.00225830078125,1.0,0
gptoss120b,in_v2_train,220,source,positive,1,false_negative,10,0,0.0,1.0,0.0,0.005218505859375,1.0,0
gptoss120b,in_v2_train,221,source,positive,1,false_negative,10,0,0.0,1.0,0.0,0.012451171875,1.0,0
gptoss120b,in_v2_train,222,source,positive,1,false_negative,10,0,0.0,1.0,0.0,0.33203125,1.0,0
gptoss120b,in_v2_train,223,source,positive,1,false_negative,10,0,0.0,1.0,0.0,0.1279296875,1.0,0
gptoss120b,in_v2_train,224,source,positive,1,false_negative,10,0,0.0,1.0,0.0,0.036865234375,1.0,0
gptoss120b,in_v2_train,225,source,positive,1,false_negative,10,0,0.0,0.998046875,0.0033196741624953027,0.357421875,1.0,0
gptoss120b,in_v2_train,226,source,positive,1,false_negative,10,0,0.0,1.0,0.0,0.06298828125,1.0,0
gptoss120b,in_v2_train,227,source,positive,1,false_negative,10,0,0.0,1.0,0.0,0.07177734375,1.0,0
gptoss120b,in_v2_train,228,source,positive,1,false_negative,10,0,0.0,1.0,0.0,0.4765625,1.0,0
gptoss120b,in_v2_train,229,source,positive,1,false_negative,10,0,0.0,1.0,0.0,0.365234375,1.0,0
gptoss120b,in_v2_train,231,source,positive,1,false_negative,10,0,0.0,1.0,0.0,0.010986328125,1.0,0
gptoss120b,in_v2_train,232,source,positive,1,false_negative,10,0,0.0,1.0,0.0,0.00555419921875,1.0,0
gptoss120b,in_v2_train,233,source,positive,1,false_negative,10,0,0.0,0.999609375,0.0012352647110032732,0.2451171875,1.0,0
gptoss120b,in_v2_train,234,source,positive,1,false_negative,10,10,1.0,0.20546875,0.15518739290234157,0.010986328125,0.322265625,1
gptoss120b,in_v2_train,236,source,positive,1,false_negative,10,0,0.0,0.999609375,0.0012352647110032732,0.037841796875,1.0,0
gptoss120b,in_v2_train,237,source,positive,1,false_negative,10,0,0.0,1.0,0.0,0.494140625,1.0,0
gptoss120b,in_v2_train,238,source,positive,1,false_negative,10,8,0.8,0.372216796875,0.20264162764929236,0.003082275390625,0.8359375,0
gptoss120b,in_v2_train,239,source,positive,1,false_negative,10,0,0.0,1.0,0.0,0.1083984375,1.0,0
gptoss120b,in_v2_train,240,source,positive,1,false_negative,10,0,0.0,1.0,0.0,0.12255859375,1.0,0
gptoss120b,in_v2_train,241,source,positive,1,false_negative,10,1,0.1,0.7287109375,0.19499638045991938,0.016357421875,0.92578125,0
gptoss120b,in_v2_train,242,source,positive,1,false_negative,10,7,0.7,0.35631103515625,0.25072283653749455,0.003173828125,0.796875,0
gptoss120b,in_v2_train,243,source,positive,1,false_negative,10,10,1.0,0.0220550537109375,0.017626672098509096,0.037841796875,0.05419921875,1
gptoss120b,in_v2_train,244,source,positive,1,false_negative,10,0,0.0,0.998046875,0.0020587745183387888,0.1513671875,0.99609375,0
gptoss120b,in_v2_train,245,source,positive,1,false_negative,10,0,0.0,1.0,0.0,0.40625,1.0,0
gptoss120b,in_v2_train,246,source,positive,1,false_negative,10,0,0.0,0.999609375,0.0012352647110032732,5.817413330078125e-05,1.0,0
gptoss120b,in_v2_train,247,source,positive,1,false_negative,10,0,0.0,0.997265625,0.005837633273817681,0.03173828125,1.0,0
gptoss120b,in_v2_train,248,source,positive,1,false_negative,10,0,0.0,0.9171875,0.08547857258709798,0.16015625,0.8984375,0
gptoss120b,in_v2_train,249,source,positive,1,false_negative,10,0,0.0,0.999609375,0.0012352647110032732,0.00628662109375,0.99609375,0
gptoss120b,in_v2_train,250,source,positive,1,false_negative,10,0,0.0,1.0,0.0,0.09423828125,1.0,0
gptoss120b,in_v2_train,251,source,positive,1,false_negative,10,0,0.0,0.909375,0.07680746666674985,0.1474609375,0.94921875,0
gptoss120b,in_v2_train,252,source,positive,1,false_negative,10,0,0.0,1.0,0.0,0.33984375,1.0,0
gptoss120b,in_v2_train,253,source,positive,1,false_negative,10,0,0.0,1.0,0.0,0.2353515625,1.0,0
gptoss120b,in_v2_train,254,source,positive,1,false_negative,10,0,0.0,1.0,0.0,0.4921875,1.0,0
gptoss120b,in_v2_train,255,source,positive,1,false_negative,10,0,0.0,0.999609375,0.0012352647110032732,0.0272216796875,1.0,0
gptoss120b,in_v2_train,256,source,positive,1,false_negative,10,4,0.4,0.6064453125,0.20049388093349677,0.032470703125,0.875,0
gptoss120b,in_v2_train,257,source,positive,1,false_negative,10,0,0.0,1.0,0.0,0.02197265625,1.0,0
gptoss120b,in_v2_train,258,source,positive,1,false_negative,10,0,0.0,1.0,0.0,0.203125,1.0,0
gptoss120b,in_v2_train,295,generated,positive,0,false_positive,10,0,0.0,1.0,0.0,1.0,1.0,0
gptoss120b,in_v2_train,296,generated,positive,0,false_positive,10,0,0.0,1.0,0.0,1.0,1.0,0
gptoss120b,in_v2_train,298,generated,positive,0,false_positive,10,0,0.0,1.0,0.0,0.95703125,1.0,0
gptoss120b,in_v2_train,299,generated,positive,0,false_positive,10,0,0.0,1.0,0.0,0.98828125,1.0,0
gptoss120b,in_v2_train,300,generated,positive,0,false_positive,10,0,0.0,1.0,0.0,0.94921875,1.0,0
gptoss120b,in_v2_train,301,generated,positive,0,false_positive,10,0,0.0,1.0,0.0,0.84375,1.0,0
gptoss120b,in_v2_train,302,generated,positive,0,false_positive,10,0,0.0,1.0,0.0,1.0,1.0,0
gptoss120b,in_v2_train,303,generated,positive,0,false_positive,10,0,0.0,1.0,0.0,0.9765625,1.0,0
gptoss120b,in_v2_train,304,generated,positive,0,false_positive,10,0,0.0,1.0,0.0,0.9921875,1.0,0
gptoss120b,in_v2_train,305,generated,positive,0,false_positive,10,0,0.0,1.0,0.0,0.796875,1.0,0
gptoss120b,in_v2_train,306,generated,positive,0,false_positive,10,0,0.0,1.0,0.0,0.9921875,1.0,0
gptoss120b,in_v2_train,307,generated,positive,0,false_positive,10,0,0.0,1.0,0.0,0.98828125,1.0,0
gptoss120b,in_v2_train,308,generated,positive,0,false_positive,10,0,0.0,0.9984375,0.002017178826149696,1.0,0.99609375,0
gptoss120b,in_v2_train,309,generated,positive,0,false_positive,10,0,0.0,1.0,0.0,0.96875,1.0,0
gptoss120b,in_v2_train,310,generated,positive,0,false_positive,10,0,0.0,1.0,0.0,0.55859375,1.0,0
gptoss120b,in_v2_train,311,generated,positive,0,false_positive,10,0,0.0,1.0,0.0,0.984375,1.0,0
gptoss120b,in_v2_train,312,generated,positive,0,false_positive,10,0,0.0,1.0,0.0,0.7578125,1.0,0
gptoss120b,in_v2_train,314,generated,positive,0,false_positive,10,0,0.0,1.0,0.0,0.92578125,1.0,0
gptoss120b,in_v2_train,315,generated,positive,0,false_positive,10,0,0.0,0.938671875,0.01922943893135167,0.9453125,0.9296875,0
gptoss120b,in_v2_train,316,generated,positive,0,false_positive,10,0,0.0,1.0,0.0,0.8046875,1.0,0
gptoss120b,in_v2_train,317,generated,positive,0,false_positive,10,0,0.0,1.0,0.0,0.59375,1.0,0
gptoss120b,in_v2_train,318,generated,positive,0,false_positive,10,0,0.0,1.0,0.0,0.91015625,1.0,0
gptoss120b,in_v2_train,319,generated,positive,0,false_positive,10,0,0.0,1.0,0.0,0.94921875,1.0,0
gptoss120b,in_v2_train,321,generated,positive,0,false_positive,10,0,0.0,0.999609375,0.0012352647110032732,0.8515625,1.0,0
gptoss120b,in_v2_train,324,generated,positive,0,false_positive,10,0,0.0,1.0,0.0,0.74609375,1.0,0
gptoss120b,in_v2_train,325,generated,positive,0,false_positive,10,0,0.0,1.0,0.0,1.0,1.0,0
gptoss120b,in_v2_train,326,generated,positive,0,false_positive,10,0,0.0,1.0,0.0,0.75,1.0,0
gptoss120b,in_v2_train,328,generated,positive,0,false_positive,10,0,0.0,1.0,0.0,0.99609375,1.0,0
gptoss120b,in_v2_train,331,generated,positive,0,false_positive,10,0,0.0,1.0,0.0,0.96875,1.0,0
gptoss120b,in_v2_train,332,generated,positive,0,false_positive,10,0,0.0,0.998828125,0.0018868980138267498,0.9453125,1.0,0
gptoss120b,in_v2_train,333,generated,positive,0,false_positive,10,0,0.0,0.999609375,0.0012352647110032732,0.55078125,1.0,0
gptoss120b,in_v2_train,334,generated,positive,0,false_positive,10,0,0.0,1.0,0.0,0.9921875,1.0,0
gptoss120b,in_v2_train,335,generated,positive,0,false_positive,10,0,0.0,0.99609375,0.0,0.95703125,0.99609375,0
gptoss120b,in_v2_train,336,generated,positive,0,false_positive,10,0,0.0,1.0,0.0,0.984375,1.0,0
gptoss120b,in_v2_train,337,generated,positive,0,false_positive,10,0,0.0,0.999609375,0.0012352647110032732,0.96875,1.0,0
gptoss120b,in_v2_train,338,generated,positive,0,false_positive,10,0,0.0,1.0,0.0,0.70703125,1.0,0
gptoss120b,in_v2_train,339,generated,positive,0,false_positive,10,0,0.0,1.0,0.0,0.9296875,1.0,0
gptoss120b,in_v2_train,340,generated,positive,0,false_positive,10,0,0.0,1.0,0.0,1.0,1.0,0
gptoss120b,in_v2_train,341,generated,positive,0,false_positive,10,0,0.0,1.0,0.0,0.9140625,1.0,0
gptoss120b,in_v2_train,342,generated,positive,0,false_positive,10,0,0.0,1.0,0.0,0.91796875,1.0,0
gptoss120b,in_v2_train,343,generated,positive,0,false_positive,10,0,0.0,1.0,0.0,0.953125,1.0,0
gptoss120b,in_v2_train,345,generated,positive,0,false_positive,10,0,0.0,1.0,0.0,0.9453125,1.0,0
gptoss120b,in_v2_train,347,generated,positive,0,false_positive,10,0,0.0,1.0,0.0,1.0,1.0,0
gptoss120b,in_v2_train,348,generated,positive,0,false_positive,10,0,0.0,1.0,0.0,0.98046875,1.0,0
gptoss120b,in_v2_train,349,generated,positive,0,false_positive,10,0,0.0,1.0,0.0,0.80078125,1.0,0
gptoss120b,in_v2_train,350,generated,positive,0,false_positive,10,0,0.0,1.0,0.0,0.9296875,1.0,0
gptoss120b,in_v2_train,352,generated,positive,0,false_positive,10,0,0.0,1.0,0.0,0.96484375,1.0,0
gptoss120b,in_v2_train,353,generated,positive,0,false_positive,10,0,0.0,1.0,0.0,0.9765625,1.0,0
gptoss120b,in_v2_train,355,generated,positive,0,false_positive,10,0,0.0,1.0,0.0,0.953125,1.0,0
gptoss120b,in_v2_train,357,generated,positive,0,false_positive,10,0,0.0,1.0,0.0,0.5546875,1.0,0
gptoss120b,in_v2_train,359,generated,positive,0,false_positive,10,0,0.0,0.9984375,0.002017178826149696,0.7265625,1.0,0
gptoss120b,in_v2_train,360,generated,positive,0,false_positive,10,0,0.0,1.0,0.0,0.921875,1.0,0
gptoss120b,in_v2_train,362,generated,positive,0,false_positive,10,0,0.0,1.0,0.0,0.98828125,1.0,0
gptoss120b,in_v2_train,363,generated,positive,0,false_positive,10,0,0.0,1.0,0.0,0.921875,1.0,0
gptoss120b,in_v2_train,364,generated,positive,0,false_positive,10,0,0.0,1.0,0.0,0.87109375,1.0,0
gptoss120b,in_v2_train,365,generated,positive,0,false_positive,10,0,0.0,1.0,0.0,0.96875,1.0,0
gptoss120b,in_v2_train,366,generated,positive,0,false_positive,10,0,0.0,1.0,0.0,0.66796875,1.0,0
gptoss120b,in_v2_train,367,generated,positive,0,false_positive,10,0,0.0,0.971484375,0.009577174764809005,0.9921875,0.9765625,0
gptoss120b,in_v2_train,369,generated,positive,0,false_positive,10,0,0.0,1.0,0.0,1.0,1.0,0
gptoss120b,in_v2_train,370,generated,positive,0,false_positive,10,0,0.0,0.996484375,0.0012352647110032732,0.984375,1.0,0
gptoss120b,in_v2_train,371,generated,positive,0,false_positive,10,0,0.0,1.0,0.0,0.99609375,1.0,0
gptoss120b,in_v2_train,372,generated,positive,0,false_positive,10,0,0.0,1.0,0.0,0.96484375,1.0,0
gptoss120b,in_v2_train,374,generated,positive,0,false_positive,10,0,0.0,1.0,0.0,0.9921875,1.0,0
gptoss120b,in_v2_train,375,generated,positive,0,false_positive,10,0,0.0,1.0,0.0,0.984375,1.0,0
gptoss120b,in_v2_train,376,generated,positive,0,false_positive,10,0,0.0,1.0,0.0,0.96484375,1.0,0
gptoss120b,in_v2_train,377,generated,positive,0,false_positive,10,0,0.0,1.0,0.0,1.0,1.0,0
gptoss120b,in_v2_train,378,generated,positive,0,false_positive,10,0,0.0,1.0,0.0,0.98828125,1.0,0
gptoss120b,in_v2_train,379,generated,positive,0,false_positive,10,0,0.0,1.0,0.0,0.98828125,1.0,0
gptoss120b,in_v2_train,380,generated,positive,0,false_positive,10,0,0.0,1.0,0.0,0.98046875,1.0,0
gptoss120b,in_v2_train,381,generated,positive,0,false_positive,10,0,0.0,1.0,0.0,0.58203125,1.0,0
gptoss120b,in_v2_train,382,generated,positive,0,false_positive,10,0,0.0,1.0,0.0,1.0,1.0,0
gptoss120b,in_v2_train,383,generated,positive,0,false_positive,10,0,0.0,1.0,0.0,0.9921875,1.0,0
gptoss120b,in_v2_train,384,generated,positive,0,false_positive,10,0,0.0,1.0,0.0,0.97265625,1.0,0
gptoss120b,in_v2_train,385,generated,positive,0,false_positive,10,0,0.0,1.0,0.0,0.953125,1.0,0
gptoss120b,in_v2_train,386,generated,positive,0,false_positive,10,0,0.0,1.0,0.0,1.0,1.0,0
gptoss120b,in_v2_train,387,generated,positive,0,false_positive,10,0,0.0,1.0,0.0,0.953125,1.0,0
gptoss120b,in_v2_train,388,generated,positive,0,false_positive,10,0,0.0,0.999609375,0.0012352647110032732,1.0,0.99609375,0
gptoss120b,in_v2_train,389,generated,positive,0,false_positive,10,0,0.0,1.0,0.0,0.9921875,1.0,0
gptoss120b,in_v2_train,390,generated,positive,0,false_positive,10,0,0.0,1.0,0.0,0.99609375,1.0,0
gptoss120b,in_v2_train,391,generated,positive,0,false_positive,10,0,0.0,1.0,0.0,1.0,1.0,0
gptoss120b,in_v2_train,392,generated,positive,0,false_positive,10,0,0.0,1.0,0.0,1.0,1.0,0
gptoss120b,in_v2_train,393,generated,positive,0,false_positive,10,0,0.0,0.996484375,0.0012352647110032732,0.99609375,0.99609375,0
gptoss120b,in_v2_train,394,generated,positive,0,false_positive,10,0,0.0,1.0,0.0,0.98828125,1.0,0
gptoss120b,in_v2_train,395,generated,positive,0,false_positive,10,0,0.0,0.998828125,0.0018868980138267496,0.93359375,1.0,0
gptoss120b,in_v2_train,396,generated,positive,0,false_positive,10,0,0.0,1.0,0.0,1.0,1.0,0
gptoss120b,in_v2_train,397,generated,positive,0,false_positive,10,0,0.0,1.0,0.0,0.97265625,1.0,0
gptoss120b,in_v2_train,398,generated,positive,0,false_positive,10,0,0.0,1.0,0.0,1.0,1.0,0
gptoss120b,in_v2_train,399,generated,positive,0,false_positive,10,0,0.0,1.0,0.0,0.984375,1.0,0
gptoss120b,in_v2_train,400,generated,positive,0,false_positive,10,0,0.0,1.0,0.0,1.0,1.0,0
gptoss120b,in_v2_train,401,generated,positive,0,false_positive,10,0,0.0,1.0,0.0,1.0,1.0,0
gptoss120b,in_v2_train,402,generated,positive,0,false_positive,10,0,0.0,1.0,0.0,0.96875,1.0,0
gptoss120b,in_v2_train,403,generated,positive,0,false_positive,10,0,0.0,1.0,0.0,1.0,1.0,0
gptoss120b,in_v2_train,404,generated,positive,0,false_positive,10,0,0.0,1.0,0.0,0.98828125,1.0,0
gptoss120b,in_v2_train,405,generated,positive,0,false_positive,10,0,0.0,0.999609375,0.0012352647110032732,1.0,0.99609375,0
gptoss120b,in_v2_train,407,generated,positive,0,false_positive,10,0,0.0,1.0,0.0,0.9921875,1.0,0
gptoss120b,in_v2_train,408,generated,positive,0,false_positive,10,0,0.0,1.0,0.0,1.0,1.0,0
gptoss120b,in_v2_train,409,generated,positive,0,false_positive,10,0,0.0,1.0,0.0,1.0,1.0,0
gptoss120b,in_v2_train,411,generated,positive,0,false_positive,10,0,0.0,1.0,0.0,0.8515625,1.0,0
gptoss120b,in_v2_train,412,generated,positive,0,false_positive,10,0,0.0,1.0,0.0,0.98046875,1.0,0
gptoss120b,in_v2_train,414,generated,positive,0,false_positive,10,0,0.0,1.0,0.0,0.99609375,1.0,0
gptoss120b,in_v2_train,415,generated,positive,0,false_positive,10,0,0.0,1.0,0.0,0.8828125,1.0,0
gptoss120b,in_v2_train,417,generated,positive,0,false_positive,10,0,0.0,1.0,0.0,0.9453125,1.0,0
gptoss120b,in_v2_train,418,generated,positive,0,false_positive,10,0,0.0,1.0,0.0,0.99609375,1.0,0
gptoss120b,in_v2_train,419,generated,positive,0,false_positive,10,0,0.0,1.0,0.0,0.99609375,1.0,0
gptoss120b,in_v2_train,420,generated,positive,0,false_positive,10,0,0.0,1.0,0.0,1.0,1.0,0
gptoss120b,in_v2_train,421,generated,positive,0,false_positive,10,0,0.0,1.0,0.0,0.96875,1.0,0
gptoss120b,in_v2_train,424,generated,positive,1,false_positive,10,0,0.0,1.0,0.0,0.984375,1.0,0
gptoss120b,in_v2_train,425,generated,positive,1,false_positive,10,0,0.0,1.0,0.0,0.81640625,1.0,0
gptoss120b,in_v2_train,426,generated,positive,1,false_positive,10,0,0.0,1.0,0.0,0.72265625,1.0,0
gptoss120b,in_v2_train,427,generated,positive,1,false_positive,10,0,0.0,1.0,0.0,0.76171875,1.0,0
gptoss120b,in_v2_train,428,generated,positive,1,false_positive,10,0,0.0,1.0,0.0,0.57421875,1.0,0
gptoss120b,in_v2_train,429,generated,negative,0,false_negative,10,0,0.0,8.368492126464844e-05,2.1326286836689456e-05,0.48046875,5.4836273193359375e-05,0
gptoss120b,in_v2_train,430,generated,negative,0,false_negative,10,0,0.0,0.000665283203125,0.00014497188037853858,0.453125,0.000881195068359375,0
gptoss120b,in_v2_train,431,generated,negative,0,false_negative,10,0,0.0,0.00015325546264648436,4.51535667412269e-05,0.349609375,0.000148773193359375,0
gptoss120b,in_v2_train,432,generated,negative,0,false_negative,10,0,0.0,0.000423431396484375,0.00011523992157822119,0.2177734375,0.0006866455078125,0
gptoss120b,in_v2_train,433,generated,negative,0,false_negative,10,0,0.0,1.8963217735290526e-05,1.1829399435102676e-05,0.4453125,1.2218952178955078e-05,0
gptoss120b,in_v2_train,434,generated,negative,0,false_negative,10,0,0.0,0.0001572132110595703,4.7420224050760295e-05,0.099609375,0.00010251998901367188,0
gptoss120b,in_v2_train,435,generated,negative,0,false_negative,10,0,0.0,2.361088991165161e-06,7.701692708347886e-07,0.466796875,2.726912498474121e-06,0
gptoss120b,in_v2_train,436,generated,negative,0,false_negative,10,0,0.0,0.00012722015380859376,2.8653289039604315e-05,0.09423828125,7.486343383789062e-05,0
gptoss120b,in_v2_train,437,generated,negative,0,false_negative,10,0,0.0,0.0011322021484375,0.00029614545319843976,0.1904296875,0.00136566162109375,0
gptoss120b,in_v2_train,439,generated,negative,0,false_negative,10,0,0.0,4.0271878242492674e-05,2.016888079099792e-05,0.26171875,1.3828277587890625e-05,0
gptoss120b,in_v2_train,440,generated,negative,0,false_negative,10,0,0.0,0.00011839866638183594,5.489914740320983e-05,0.46875,2.9325485229492188e-05,0
gptoss120b,in_v2_train,441,generated,negative,0,false_negative,10,0,0.0,0.0002235889434814453,0.00010114455621951766,0.2392578125,0.000148773193359375,0
gptoss120b,in_v2_train,442,generated,negative,0,false_negative,10,0,0.0,0.00070953369140625,0.00021191893665726248,0.203125,0.000392913818359375,0
gptoss120b,in_v2_train,443,generated,negative,0,false_negative,10,0,0.0,0.0008060455322265625,0.0004184670546018815,0.310546875,0.0006866455078125,0
gptoss120b,in_v2_train,444,generated,negative,1,false_negative,10,0,0.0,0.0003989219665527344,0.00020392484309052344,0.0005340576171875,0.000732421875,0
gptoss120b,in_v2_train,445,generated,negative,1,false_negative,10,0,0.0,0.00010280609130859375,4.825525027862297e-05,0.3359375,7.009506225585938e-05,0
gptoss120b,in_v2_train,446,generated,negative,1,false_negative,10,0,0.0,0.00025904178619384766,0.00013259289876819039,0.396484375,0.0003681182861328125,0
gptoss120b,in_v2_train,447,generated,negative,1,false_negative,10,0,0.0,0.0008563995361328125,0.00018742767085201824,0.01202392578125,0.00102996826171875,0
gptoss120b,in_v2_train,448,generated,negative,1,false_negative,10,0,0.0,0.00168914794921875,0.0007392616910173404,0.002044677734375,0.0017547607421875,0
gptoss120b,in_v2_train,449,generated,negative,1,false_negative,10,0,0.0,2.5984644889831542e-05,1.4840907892204594e-05,0.44921875,4.00543212890625e-05,0
gptoss120b,in_v2_train,450,generated,negative,1,false_negative,10,0,0.0,0.0003933429718017578,0.00017149977229723154,0.2421875,0.0002460479736328125,0
gptoss120b,in_v2_train,451,generated,negative,1,false_negative,10,0,0.0,0.0023761749267578124,0.0006840467134919434,0.1884765625,0.00186920166015625,0
gptoss120b,in_v2_train,452,generated,negative,1,false_negative,10,0,0.0,7.048249244689941e-06,4.361932991269468e-06,0.1982421875,1.2218952178955078e-05,0
gptoss120b,in_v2_train,453,generated,negative,1,false_negative,10,0,0.0,6.32554292678833e-06,2.4533952276128675e-06,0.474609375,7.420778274536133e-06,0
gptoss120b,in_v2_train,454,generated,negative,1,false_negative,10,0,0.0,0.00014696121215820312,7.32995896661563e-05,0.435546875,0.0005035400390625,0
gptoss120b,in_v2_train,455,generated,negative,1,false_negative,10,0,0.0,0.00012176036834716797,9.200610071264336e-05,0.12255859375,0.00012302398681640625,0
gptoss120b,in_v2_train,456,generated,negative,1,false_negative,10,0,0.0,6.026029586791992e-06,5.715169813670065e-06,0.0091552734375,8.940696716308594e-06,0
gptoss120b,in_v2_train,457,generated,negative,1,false_negative,10,0,0.0,2.7227401733398438e-05,1.2274016515112589e-05,0.33203125,5.817413330078125e-05,0
gptoss120b,in_v2_train,458,generated,negative,1,false_negative,10,0,0.0,2.8562545776367187e-05,1.424765193892825e-05,0.0023956298828125,2.276897430419922e-05,0
gptoss120b,in_v2_train,459,generated,negative,1,false_negative,10,0,0.0,0.00045976638793945315,0.0001458968983555298,0.158203125,0.000148773193359375,0
gptoss120b,in_v2_train,460,generated,negative,1,false_negative,10,0,0.0,2.49326229095459e-05,1.2822313894543269e-05,0.03515625,1.2993812561035156e-05,0
gptoss120b,in_v2_train,461,generated,negative,1,false_negative,10,0,0.0,0.00011806488037109375,3.252543660135706e-05,0.0260009765625,0.0001087188720703125,0
gptoss120b,in_v2_train,462,generated,negative,1,false_negative,10,0,0.0,0.001792144775390625,0.0002840906701454208,0.2119140625,0.0023956298828125,0
gptoss120b,in_v2_train,463,generated,negative,1,false_negative,10,0,0.0,0.001638031005859375,0.0004227729542714487,0.04150390625,0.00145721435546875,0
gptoss120b,in_v2_train,464,generated,negative,1,false_negative,10,0,0.0,0.0115203857421875,0.006382873037085678,0.1845703125,0.031982421875,0
gptoss120b,in_v2_train,465,generated,negative,1,false_negative,10,0,0.0,6.108283996582031e-05,5.774539220578535e-05,0.01544189453125,2.753734588623047e-05,0
gptoss120b,in_v2_train,466,generated,negative,1,false_negative,10,0,0.0,0.057354736328125,0.07284183323596405,0.27734375,0.125,0
gptoss120b,in_v2_train,467,generated,negative,1,false_negative,10,0,0.0,0.00040311813354492186,0.0001984264253946923,0.48046875,0.0003147125244140625,0
gptoss120b,in_v2_train,468,generated,negative,1,false_negative,10,0,0.0,0.002634429931640625,0.00047146187674793196,0.0849609375,0.002716064453125,0
gptoss120b,in_v2_train,469,generated,negative,1,false_negative,10,0,0.0,0.00019860267639160156,0.0001262345762723806,0.494140625,0.000148773193359375,0
gptoss120b,in_v2_train,470,generated,negative,1,false_negative,10,0,0.0,0.0004871368408203125,0.0001269504147427777,0.2109375,0.00093841552734375,0
gptoss120b,in_v2_train,471,generated,negative,1,false_negative,10,0,0.0,0.001992034912109375,0.00018998571139020203,0.470703125,0.00186920166015625,0
gptoss120b,in_v2_train,472,generated,negative,1,false_negative,10,0,0.0,8.48323106765747e-06,7.434543098032517e-06,0.051025390625,1.7762184143066406e-05,0
gptoss120b,in_v2_train,473,generated,negative,1,false_negative,10,0,0.0,0.00010341405868530273,6.381797437924267e-05,0.09521484375,0.00016880035400390625,0
gptoss120b,in_v2_train,474,generated,negative,1,false_negative,10,0,0.0,2.6357173919677734e-05,1.422002995116178e-05,0.26953125,3.7670135498046875e-05,0
gptoss120b,in_v2_train,475,generated,negative,1,false_negative,10,0,0.0,1.570284366607666e-05,7.109940717581968e-06,0.00096893310546875,2.586841583251953e-05,0
gptoss120b,in_v2_train,476,generated,negative,1,false_negative,10,4,0.4,0.44912109375,0.16543918638895466,0.16015625,0.578125,1
gptoss120b,in_v2_train,477,generated,negative,1,false_negative,10,0,0.0,0.0002288818359375,9.857889888811623e-05,0.07177734375,0.0003795623779296875,0
gptoss120b,in_v2_train,478,generated,negative,1,false_negative,10,0,0.0,0.004852294921875,0.0026451697531160493,0.11767578125,0.00433349609375,0
gptoss120b,in_v2_train,479,generated,negative,1,false_negative,10,0,0.0,9.59336757659912e-06,2.9808431237691836e-06,0.08740234375,4.798173904418945e-06,0
gptoss120b,in_v2_train,480,generated,negative,1,false_negative,10,0,0.0,0.0001644611358642578,6.805492578569082e-05,0.486328125,6.628036499023438e-05,0
gptoss120b,in_v2_train,481,generated,negative,1,false_negative,10,0,0.0,8.001923561096192e-07,1.2321397271080817e-07,0.006103515625,8.307397365570068e-07,0
gptoss120b,in_v2_train,482,generated,negative,1,false_negative,10,0,0.0,2.7433037757873534e-06,1.0413638709254353e-06,0.41015625,1.7583370208740234e-06,0
gptoss120b,in_v2_train,483,generated,negative,1,false_negative,10,0,0.0,0.00020771026611328126,7.785394332013956e-05,0.30078125,0.00021648406982421875,0
gptoss120b,in_v2_train,484,generated,negative,1,false_negative,10,0,0.0,6.571412086486817e-07,1.465827966369594e-07,0.294921875,6.07222318649292e-07,0
gptoss120b,in_v2_train,485,generated,negative,1,false_negative,10,0,0.0,3.575980663299561e-05,2.3327562328481287e-05,0.040283203125,4.839897155761719e-05,0
gptoss120b,in_v2_train,486,generated,negative,1,false_negative,10,0,0.0,0.0004435539245605469,0.00021635703935898805,0.306640625,0.0003681182861328125,0
gptoss120b,in_v2_train,487,generated,negative,1,false_negative,10,0,0.0,9.865313768386841e-05,0.00011087820644225486,0.015869140625,0.00019073486328125,0
gptoss120b,in_v2_train,488,generated,negative,1,false_negative,10,0,0.0,1.8107891082763673e-05,1.3691364077147482e-05,0.00186920166015625,1.4722347259521484e-05,0
gptoss120b,in_v2_train,489,generated,negative,1,false_negative,10,0,0.0,7.992982864379882e-06,3.501284595697558e-06,0.08740234375,7.420778274536133e-06,0
gptoss120b,in_v2_train,490,generated,negative,1,false_negative,10,0,0.0,0.00011059045791625977,6.862443585338372e-05,0.01495361328125,0.0004444122314453125,0
gptoss120b,in_v2_train,491,generated,negative,1,false_negative,10,0,0.0,8.928775787353516e-05,7.37723274271771e-05,0.010986328125,0.00020313262939453125,0
gptoss120b,in_v2_train,492,generated,negative,1,false_negative,10,0,0.0,0.0001762866973876953,0.0001133030042381158,0.00225830078125,9.632110595703125e-05,0
gptoss120b,in_v2_train,493,generated,negative,1,false_negative,10,0,0.0,0.00038857460021972655,0.0002705030557017897,0.005218505859375,0.00048828125,0
gptoss120b,in_v2_train,494,generated,negative,1,false_negative,10,0,0.0,5.932152271270752e-06,2.5087157045898166e-06,0.012451171875,2.562999725341797e-06,0
gptoss120b,in_v2_train,495,generated,negative,1,false_negative,10,0,0.0,1.334846019744873e-05,5.07799955145137e-06,0.33203125,1.2218952178955078e-05,0
gptoss120b,in_v2_train,496,generated,negative,1,false_negative,10,0,0.0,1.3583898544311524e-05,3.880913912172768e-06,0.1279296875,8.404254913330078e-06,0
gptoss120b,in_v2_train,497,generated,negative,1,false_negative,10,0,0.0,0.00131378173828125,0.0004750628202133478,0.036865234375,0.00124359130859375,0
gptoss120b,in_v2_train,498,generated,negative,1,false_negative,10,0,0.0,2.7108192443847657e-05,9.312951030918071e-06,0.357421875,2.586841583251953e-05,0
gptoss120b,in_v2_train,499,generated,negative,1,false_negative,10,0,0.0,7.5608491897583004e-06,2.745771847956068e-06,0.06298828125,1.2218952178955078e-05,0
gptoss120b,in_v2_train,500,generated,negative,1,false_negative,10,0,0.0,0.00057220458984375,0.0002084844414995922,0.07177734375,0.0005340576171875,0
gptoss120b,in_v2_train,501,generated,negative,1,false_negative,10,0,0.0,9.212493896484374e-05,6.505854303804664e-05,0.4765625,0.0001583099365234375,0
gptoss120b,in_v2_train,502,generated,negative,1,false_negative,10,0,0.0,4.291534423828125e-05,1.1702226795405885e-05,0.365234375,3.314018249511719e-05,0
gptoss120b,in_v2_train,503,generated,negative,1,false_negative,10,0,0.0,1.5777349472045898e-05,5.653270048136486e-06,0.010986328125,1.6689300537109375e-05,0
gptoss120b,in_v2_train,504,generated,negative,1,false_negative,10,0,0.0,0.00014472007751464844,5.457106788744395e-05,0.00555419921875,0.000148773193359375,0
gptoss120b,in_v2_train,505,generated,negative,1,false_negative,10,0,0.0,0.00011513233184814453,5.455433542298447e-05,0.2451171875,4.00543212890625e-05,0
gptoss120b,in_v2_train,506,generated,negative,1,false_negative,10,0,0.0,4.28222119808197e-06,3.038273751792164e-06,0.010986328125,3.5017728805541992e-06,0
gptoss120b,in_v2_train,507,generated,negative,1,false_negative,10,0,0.0,0.00047621726989746096,0.00026061748037045385,0.037841796875,0.00075531005859375,0
gptoss120b,in_v2_train,508,generated,negative,1,false_negative,10,0,0.0,3.063678741455078e-05,1.8268583237202344e-05,0.494140625,3.528594970703125e-05,0
gptoss120b,in_v2_train,509,generated,negative,1,false_negative,10,0,0.0,2.2627413272857665e-06,1.0771983934648456e-06,0.003082275390625,3.725290298461914e-06,0
gptoss120b,in_v2_train,510,generated,negative,1,false_negative,10,0,0.0,0.001222085952758789,0.0007700827574723526,0.1083984375,0.00141143798828125,0
gptoss120b,in_v2_train,511,generated,negative,1,false_negative,10,0,0.0,3.053992986679077e-06,1.5466030704967656e-06,0.12255859375,9.5367431640625e-06,0
gptoss120b,in_v2_train,512,generated,negative,1,false_negative,10,0,0.0,0.00019515156745910644,0.0001783465671888291,0.016357421875,0.0001583099365234375,0
gptoss120b,in_v2_train,513,generated,negative,1,false_negative,10,0,0.0,2.3427605628967286e-05,1.9950301995546463e-05,0.003173828125,1.6689300537109375e-05,0
gptoss120b,in_v2_train,514,generated,negative,1,false_negative,10,0,0.0,0.0006092309951782227,0.0005061693260215723,0.037841796875,0.0012054443359375,0
gptoss120b,in_v2_train,515,generated,negative,1,false_negative,10,0,0.0,0.0001881122589111328,9.763544048433477e-05,0.1513671875,0.0001316070556640625,0
gptoss120b,in_v2_train,516,generated,negative,1,false_negative,10,0,0.0,1.074373722076416e-05,8.133034425845785e-06,0.40625,5.781650543212891e-06,0
gptoss120b,in_v2_train,517,generated,negative,1,false_negative,10,0,0.0,0.0003661841154098511,0.0003815552083744388,5.817413330078125e-05,0.000148773193359375,0
gptoss120b,in_v2_train,518,generated,negative,1,false_negative,10,10,1.0,0.97734375,0.047763568825459894,0.03173828125,1.0,1
gptoss120b,in_v2_train,519,generated,negative,1,false_negative,10,0,0.0,5.626678466796875e-06,2.364976975306206e-06,0.16015625,6.973743438720703e-06,0
gptoss120b,in_v2_train,520,generated,negative,1,false_negative,10,0,0.0,5.5336952209472655e-05,2.140483119129215e-05,0.00628662109375,3.528594970703125e-05,0
gptoss120b,in_v2_train,521,generated,negative,1,false_negative,10,0,0.0,0.0009857177734375,0.00024111649667449823,0.09423828125,0.0017547607421875,0
gptoss120b,in_v2_train,522,generated,negative,1,false_negative,10,0,0.0,2.8088688850402832e-05,2.5018655689022788e-05,0.1474609375,2.4318695068359375e-05,0
gptoss120b,in_v2_train,523,generated,negative,1,false_negative,10,0,0.0,1.919269561767578e-05,1.303500268164085e-05,0.33984375,3.123283386230469e-05,0
gptoss120b,in_v2_train,524,generated,negative,1,false_negative,10,0,0.0,0.0006380766630172729,0.0003359290652908069,0.2353515625,0.00016880035400390625,0
gptoss120b,in_v2_train,525,generated,negative,1,false_negative,10,0,0.0,0.003106689453125,0.001950148460119555,0.4921875,0.00124359130859375,0
gptoss120b,in_v2_train,526,generated,negative,1,false_negative,10,0,0.0,0.00014433860778808593,0.00019464187390198537,0.0272216796875,9.632110595703125e-05,0
gptoss120b,in_v2_train,527,generated,negative,1,false_negative,10,0,0.0,1.0749697685241699e-05,4.947505671509659e-06,0.032470703125,1.7762184143066406e-05,0
gptoss120b,in_v2_train,528,generated,negative,1,false_negative,10,0,0.0,0.00043468475341796876,8.595281319120169e-05,0.02197265625,0.000278472900390625,0
gptoss120b,in_v2_train,529,generated,negative,1,false_negative,10,0,0.0,0.0008419036865234375,0.00011827680609830898,0.203125,0.000804901123046875,0
gptoss120b,new_in_v3,2,source,negative,0,false_positive,10,0,0.0,0.0022083282470703124,0.001408835695587661,0.5546875,0.0002956390380859375,0
gptoss120b,new_in_v3,38,source,negative,0,false_positive,10,0,0.0,0.00042788982391357423,0.0003664363870026572,0.9609375,0.000667572021484375,0
gptoss120b,new_in_v3,63,source,negative,0,false_positive,10,0,0.0,2.753734588623047e-05,5.358380581867718e-06,0.87890625,2.276897430419922e-05,0
gptoss120b,new_in_v3,68,source,negative,0,false_positive,10,0,0.0,0.0059417724609375,0.0015576791568282279,0.890625,0.00860595703125,0
gptoss120b,new_in_v3,75,source,negative,0,false_positive,10,0,0.0,0.0002444267272949219,0.00018815255509091518,0.94921875,0.0002613067626953125,0
gptoss120b,new_in_v3,80,source,negative,0,false_positive,10,0,0.0,0.0109588623046875,0.006477119013118619,1.0,0.00592041015625,0
gptoss120b,new_in_v3,102,source,negative,0,false_positive,10,0,0.0,0.001218414306640625,0.000500658569725793,0.98828125,0.0006866455078125,0
gptoss120b,new_in_v3,114,source,negative,0,false_positive,10,0,0.0,1.665949821472168e-05,6.072543649499286e-06,0.99609375,1.0788440704345703e-05,0
gptoss120b,new_in_v3,118,source,negative,0,false_positive,10,0,0.0,0.00021162033081054688,0.00016035642838755403,1.0,0.00016880035400390625,0
gptoss120b,new_in_v3,121,source,negative,0,false_positive,10,0,0.0,1.188218593597412e-05,5.435147110049118e-06,0.984375,1.0132789611816406e-05,0
gptoss120b,new_in_v3,130,source,negative,0,false_positive,10,0,0.0,7.781386375427247e-06,2.375703946745233e-06,0.921875,4.798173904418945e-06,0
gptoss120b,new_in_v3,131,source,negative,0,false_positive,10,0,0.0,6.701946258544922e-05,2.9701475543296712e-05,0.9921875,0.00010251998901367188,0
gptoss120b,new_in_v3,137,source,negative,2,false_positive,10,10,1.0,0.9890625,0.010219487953306553,0.94921875,0.953125,1
gptoss120b,new_in_v3,138,source,negative,2,false_positive,10,10,1.0,0.91796875,0.07549838028293866,0.71484375,0.7109375,1
gptoss120b,new_in_v3,139,source,negative,2,false_positive,10,10,1.0,0.850390625,0.13725774211776676,0.63671875,0.64453125,1
gptoss120b,new_in_v3,140,source,negative,2,false_positive,10,8,0.8,0.6529296875,0.15217129327955517,0.59375,0.59375,1
gptoss120b,new_in_v3,141,source,negative,2,false_positive,10,10,1.0,0.942578125,0.022100922878936398,0.87109375,0.8828125,1
gptoss120b,new_in_v3,142,source,negative,2,false_positive,10,10,1.0,0.759765625,0.1083823068891532,0.59765625,0.59375,1
gptoss120b,new_in_v3,143,source,negative,2,false_positive,10,10,1.0,0.992578125,0.005660694041480249,0.953125,0.953125,1
gptoss120b,new_in_v3,144,source,negative,2,false_positive,10,9,0.9,0.8412109375,0.16039967632731406,0.89453125,0.89453125,1
gptoss120b,new_in_v3,145,source,negative,2,false_positive,10,10,1.0,0.9296875,0.04361493287615684,0.69921875,0.703125,1
gptoss120b,new_in_v3,146,source,negative,2,false_positive,10,10,1.0,0.9421875,0.035122476060960986,0.8515625,0.8515625,1
gptoss120b,new_in_v3,147,source,negative,2,false_positive,10,10,1.0,0.720703125,0.09148467522367476,0.59765625,0.609375,1
gptoss120b,new_in_v3,148,source,negative,2,false_positive,10,10,1.0,0.800390625,0.08279141011587914,0.63671875,0.64453125,1
gptoss120b,new_in_v3,149,source,negative,2,false_positive,10,10,1.0,0.874609375,0.05647050001515664,0.7421875,0.74609375,1
gptoss120b,new_in_v3,150,source,negative,2,false_positive,10,10,1.0,0.88515625,0.04802552173425316,0.6875,0.6953125,1
gptoss120b,new_in_v3,151,source,negative,2,false_positive,10,10,1.0,0.9125,0.044621770813758115,0.7421875,0.73046875,1
gptoss120b,new_in_v3,152,source,negative,2,false_positive,10,10,1.0,0.85546875,0.1394384742732037,0.84765625,0.8515625,1
gptoss120b,new_in_v3,153,source,negative,2,false_positive,10,10,1.0,0.853515625,0.10444705103153477,0.76953125,0.78515625,1
gptoss120b,new_in_v3,154,source,negative,2,false_positive,10,10,1.0,0.9921875,0.010416666666666666,0.9921875,0.9921875,1
gptoss120b,new_in_v3,164,source,positive,0,false_negative,10,0,0.0,0.9984375,0.002017178826149696,0.318359375,0.9921875,0
gptoss120b,new_in_v3,210,source,positive,1,false_negative,10,0,0.0,1.0,0.0,0.061767578125,1.0,0
gptoss120b,new_in_v3,230,source,positive,1,false_negative,10,0,0.0,0.992578125,0.010161256778711807,0.07568359375,0.99609375,0
gptoss120b,new_in_v3,235,source,positive,1,false_negative,10,0,0.0,0.999609375,0.0012352647110032732,0.232421875,1.0,0
gptoss120b,new_in_v3,259,source,positive,2,false_negative,10,10,1.0,0.1880859375,0.06918860887915591,0.33984375,0.33984375,1
gptoss120b,new_in_v3,260,source,positive,2,false_negative,10,4,0.4,0.4875,0.13937219241535664,0.255859375,0.25390625,1
gptoss120b,new_in_v3,261,source,positive,2,false_negative,10,10,1.0,0.0416259765625,0.01875094305421908,0.0791015625,0.08154296875,1
gptoss120b,new_in_v3,262,source,positive,2,false_negative,10,10,1.0,0.1234130859375,0.08626050645534666,0.07373046875,0.07373046875,1
gptoss120b,new_in_v3,263,source,positive,2,false_negative,10,10,1.0,0.07059326171875,0.04069376814558365,0.08642578125,0.09033203125,1
gptoss120b,new_in_v3,264,source,positive,2,false_negative,10,10,1.0,0.17275390625,0.10541518621196726,0.12255859375,0.12109375,1
gptoss120b,new_in_v3,265,source,positive,2,false_negative,10,4,0.4,0.5486328125,0.13357131700257713,0.341796875,0.3359375,1
gptoss120b,new_in_v3,266,source,positive,2,false_negative,10,10,1.0,0.30263671875,0.11905828246542335,0.263671875,0.265625,1
gptoss120b,new_in_v3,267,source,positive,2,false_negative,10,4,0.4,0.494921875,0.14035105454283098,0.4765625,0.4765625,1
gptoss120b,new_in_v3,268,source,positive,2,false_negative,10,10,1.0,0.025048828125,0.012315537447562922,0.0289306640625,0.029296875,1
gptoss120b,new_in_v3,269,source,positive,2,false_negative,10,5,0.5,0.4900390625,0.15491358272443934,0.478515625,0.4765625,1
gptoss120b,new_in_v3,270,source,positive,2,false_negative,10,10,1.0,0.138720703125,0.042519706445739075,0.08740234375,0.08740234375,1
gptoss120b,new_in_v3,271,source,positive,2,false_negative,10,7,0.7,0.456640625,0.08139218661846309,0.400390625,0.400390625,1
gptoss120b,new_in_v3,272,source,positive,2,false_negative,10,10,1.0,0.179736328125,0.08005643721492178,0.1689453125,0.1552734375,1
gptoss120b,new_in_v3,273,source,positive,2,false_negative,10,6,0.6,0.47265625,0.07716423119806799,0.390625,0.384765625,1
gptoss120b,new_in_v3,274,source,positive,2,false_negative,10,10,1.0,0.1164306640625,0.05702197436379347,0.056640625,0.057373046875,1
gptoss120b,new_in_v3,275,source,positive,2,false_negative,10,5,0.5,0.5017578125,0.15867916953355443,0.2392578125,0.2392578125,1
gptoss120b,new_in_v3,276,source,positive,2,false_negative,10,10,1.0,0.2137451171875,0.07323416206754481,0.287109375,0.294921875,1
gptoss120b,new_in_v3,277,source,positive,2,false_negative,10,9,0.9,0.3208984375,0.12623259740224949,0.2001953125,0.1982421875,1
gptoss120b,new_in_v3,278,source,positive,2,false_negative,10,8,0.8,0.38525390625,0.12707597054586953,0.1904296875,0.193359375,1
gptoss120b,new_in_v3,279,source,positive,2,false_negative,10,3,0.3,0.566015625,0.24583879885012816,0.431640625,0.419921875,1
gptoss120b,new_in_v3,280,source,positive,2,false_negative,10,1,0.1,0.5775390625,0.09603714210295385,0.41796875,0.4296875,1
gptoss120b,new_in_v3,281,source,positive,2,false_negative,10,10,1.0,0.17373046875,0.08507522943942618,0.17578125,0.177734375,1
gptoss120b,new_in_v3,282,source,positive,2,false_negative,10,5,0.5,0.4841796875,0.1450185630871629,0.3515625,0.361328125,1
gptoss120b,new_in_v3,283,source,positive,2,false_negative,10,10,1.0,0.064501953125,0.023762407686867028,0.0216064453125,0.02197265625,1
gptoss120b,new_in_v3,284,source,positive,2,false_negative,10,3,0.3,0.52763671875,0.16220089373025492,0.267578125,0.27734375,1
gptoss120b,new_in_v3,285,source,positive,2,false_negative,10,10,1.0,0.246044921875,0.08599372334702636,0.12255859375,0.12353515625,1
gptoss120b,new_in_v3,286,source,positive,2,false_negative,10,10,1.0,0.04698486328125,0.024553667827928897,0.053466796875,0.05419921875,1
gptoss120b,new_in_v3,287,source,positive,2,false_negative,10,7,0.7,0.394189453125,0.2450845521881223,0.166015625,0.16796875,1
gptoss120b,new_in_v3,288,source,positive,2,false_negative,10,10,1.0,0.12666015625,0.049051248025522534,0.12890625,0.1318359375,1
gptoss120b,new_in_v3,289,source,positive,2,false_negative,10,10,1.0,0.15205078125,0.06422097884180467,0.208984375,0.208984375,1
gptoss120b,new_in_v3,290,source,positive,2,false_negative,10,10,1.0,0.045074462890625,0.022531504510708036,0.02294921875,0.023681640625,1
gptoss120b,new_in_v3,291,source,positive,2,false_negative,10,10,1.0,0.052099609375,0.018545922780269387,0.055908203125,0.055908203125,1
gptoss120b,new_in_v3,292,source,positive,2,false_negative,10,6,0.6,0.4230712890625,0.27050361247499366,0.265625,0.263671875,1
gptoss120b,new_in_v3,293,source,positive,2,false_negative,10,8,0.8,0.42666015625,0.11181671423871944,0.2490234375,0.259765625,1
gptoss120b,new_in_v3,294,source,positive,2,false_negative,10,10,1.0,0.208447265625,0.10369574592600853,0.1630859375,0.1611328125,1
gptoss120b,new_in_v3,297,generated,positive,0,false_positive,10,0,0.0,0.99921875,0.0016470196146710309,0.5546875,1.0,0
gptoss120b,new_in_v3,361,generated,positive,0,false_positive,10,0,0.0,1.0,0.0,0.890625,1.0,0
gptoss120b,new_in_v3,368,generated,positive,0,false_positive,10,0,0.0,1.0,0.0,0.94921875,1.0,0
gptoss120b,new_in_v3,373,generated,positive,0,false_positive,10,0,0.0,1.0,0.0,1.0,1.0,0
gptoss120b,new_in_v3,406,generated,positive,0,false_positive,10,0,0.0,1.0,0.0,0.99609375,1.0,0
gptoss120b,new_in_v3,410,generated,positive,0,false_positive,10,0,0.0,1.0,0.0,1.0,1.0,0
gptoss120b,new_in_v3,413,generated,positive,0,false_positive,10,0,0.0,1.0,0.0,0.984375,1.0,0
gptoss120b,new_in_v3,422,generated,positive,0,false_positive,10,0,0.0,1.0,0.0,0.921875,1.0,0
gptoss120b,new_in_v3,423,generated,positive,0,false_positive,10,0,0.0,1.0,0.0,0.9921875,1.0,0
gptoss120b,new_in_v3,438,generated,negative,0,false_negative,10,0,0.0,0.00026535987854003906,0.00012190364720366611,0.318359375,0.0001087188720703125,0
gptoss120b,new_in_v3,530,generated,positive,0,false_positive,10,0,0.0,1.0,0.0,0.9609375,1.0,0
gptoss120b,new_in_v3,531,generated,positive,0,false_positive,10,0,0.0,0.99921875,0.0016470196146710309,0.87890625,0.99609375,0
gptoss120b,new_in_v3,532,generated,positive,0,false_positive,10,0,0.0,1.0,0.0,0.98828125,1.0,0
gptoss120b,new_in_v3,533,generated,positive,2,false_positive,10,0,0.0,1.0,0.0,0.94921875,1.0,0
gptoss120b,new_in_v3,534,generated,positive,2,false_positive,10,0,0.0,1.0,0.0,0.71484375,1.0,0
gptoss120b,new_in_v3,535,generated,positive,2,false_positive,10,0,0.0,1.0,0.0,0.63671875,1.0,0
gptoss120b,new_in_v3,536,generated,positive,2,false_positive,10,0,0.0,1.0,0.0,0.59375,1.0,0
gptoss120b,new_in_v3,537,generated,positive,2,false_positive,10,0,0.0,1.0,0.0,0.87109375,1.0,0
gptoss120b,new_in_v3,538,generated,positive,2,false_positive,10,0,0.0,1.0,0.0,0.59765625,1.0,0
gptoss120b,new_in_v3,539,generated,positive,2,false_positive,10,0,0.0,1.0,0.0,0.953125,1.0,0
gptoss120b,new_in_v3,540,generated,positive,2,false_positive,10,0,0.0,1.0,0.0,0.89453125,1.0,0
gptoss120b,new_in_v3,541,generated,positive,2,false_positive,10,0,0.0,1.0,0.0,0.69921875,1.0,0
gptoss120b,new_in_v3,542,generated,positive,2,false_positive,10,0,0.0,1.0,0.0,0.8515625,1.0,0
gptoss120b,new_in_v3,543,generated,positive,2,false_positive,10,0,0.0,1.0,0.0,0.59765625,1.0,0
gptoss120b,new_in_v3,544,generated,positive,2,false_positive,10,0,0.0,1.0,0.0,0.63671875,1.0,0
gptoss120b,new_in_v3,545,generated,positive,2,false_positive,10,0,0.0,1.0,0.0,0.7421875,1.0,0
gptoss120b,new_in_v3,546,generated,positive,2,false_positive,10,0,0.0,1.0,0.0,0.6875,1.0,0
gptoss120b,new_in_v3,547,generated,positive,2,false_positive,10,0,0.0,1.0,0.0,0.7421875,1.0,0
gptoss120b,new_in_v3,548,generated,positive,2,false_positive,10,0,0.0,1.0,0.0,0.84765625,1.0,0
gptoss120b,new_in_v3,549,generated,positive,2,false_positive,10,0,0.0,1.0,0.0,0.76953125,1.0,0
gptoss120b,new_in_v3,550,generated,positive,2,false_positive,10,0,0.0,1.0,0.0,0.9921875,1.0,0
gptoss120b,new_in_v3,551,generated,negative,1,false_negative,10,0,0.0,0.007830810546875,0.0022864978471149825,0.061767578125,0.018798828125,0
gptoss120b,new_in_v3,552,generated,negative,1,false_negative,10,0,0.0,0.0068389892578125,0.004661490271101926,0.07568359375,0.004058837890625,0
gptoss120b,new_in_v3,553,generated,negative,1,false_negative,10,0,0.0,0.0006818771362304688,0.000658498745180288,0.232421875,0.0003147125244140625,0
gptoss120b,new_in_v3,554,generated,negative,2,false_negative,10,0,0.0,0.0001232147216796875,4.137305477864511e-05,0.33984375,0.0001583099365234375,0
gptoss120b,new_in_v3,555,generated,negative,2,false_negative,10,0,0.0,0.00020689964294433593,7.727588782585978e-05,0.255859375,0.00011587142944335938,0
gptoss120b,new_in_v3,556,generated,negative,2,false_negative,10,0,0.0,5.812644958496094e-05,2.6325749148840147e-05,0.0791015625,7.486343383789062e-05,0
gptoss120b,new_in_v3,557,generated,negative,2,false_negative,10,0,0.0,8.48621129989624e-06,2.9253817060086e-06,0.07373046875,4.798173904418945e-06,0
gptoss120b,new_in_v3,558,generated,negative,2,false_negative,10,0,0.0,9.407997131347657e-05,2.8459762574315268e-05,0.08642578125,6.628036499023438e-05,0
gptoss120b,new_in_v3,559,generated,negative,2,false_negative,10,0,0.0,1.0508298873901368e-05,5.270494816446656e-06,0.12255859375,1.150369644165039e-05,0
gptoss120b,new_in_v3,560,generated,negative,2,false_negative,10,0,0.0,5.175173282623291e-06,1.5781800052540216e-06,0.341796875,3.5017728805541992e-06,0
gptoss120b,new_in_v3,561,generated,negative,2,false_negative,10,0,0.0,9.253621101379395e-06,2.0789241288479837e-06,0.263671875,8.404254913330078e-06,0
gptoss120b,new_in_v3,562,generated,negative,2,false_negative,10,0,0.0,7.448196411132812e-05,3.411065497716923e-05,0.4765625,7.486343383789062e-05,0
gptoss120b,new_in_v3,563,generated,negative,2,false_negative,10,0,0.0,0.0002189159393310547,0.0001026362245660325,0.0289306640625,0.00010251998901367188,0
gptoss120b,new_in_v3,564,generated,negative,2,false_negative,10,0,0.0,0.00015995502471923828,9.95053808100835e-05,0.478515625,9.012222290039062e-05,0
gptoss120b,new_in_v3,565,generated,negative,2,false_negative,10,0,0.0,7.74383544921875e-05,2.5244813767415518e-05,0.08740234375,7.009506225585938e-05,0
gptoss120b,new_in_v3,566,generated,negative,2,false_negative,10,0,0.0,0.0034847259521484375,0.0023645935378387483,0.400390625,0.003082275390625,0
gptoss120b,new_in_v3,567,generated,negative,2,false_negative,10,0,0.0,1.0144710540771484e-05,4.1208756488516505e-06,0.1689453125,9.5367431640625e-06,0
gptoss120b,new_in_v3,568,generated,negative,2,false_negative,10,0,0.0,1.9145011901855468e-05,7.451444151954328e-06,0.390625,2.9325485229492188e-05,0
gptoss120b,new_in_v3,569,generated,negative,2,false_negative,10,0,0.0,0.00018205642700195313,0.00012349965795803601,0.056640625,7.963180541992188e-05,0
gptoss120b,new_in_v3,570,generated,negative,2,false_negative,10,0,0.0,0.0007282257080078125,0.0005089455238593348,0.2392578125,0.0002307891845703125,0
gptoss120b,new_in_v3,571,generated,negative,2,false_negative,10,0,0.0,0.001259613037109375,0.0006176218839441665,0.287109375,0.000667572021484375,0
gptoss120b,new_in_v3,572,generated,negative,2,false_negative,10,0,0.0,1.7690658569335938e-05,5.013865184945305e-06,0.2001953125,1.6689300537109375e-05,0
gptoss120b,new_in_v3,573,generated,negative,2,false_negative,10,0,0.0,0.0046844482421875,0.0021319148962131843,0.1904296875,0.0028839111328125,0
gptoss120b,new_in_v3,574,generated,negative,2,false_negative,10,0,0.0,7.298588752746582e-06,3.2220661548521167e-06,0.431640625,8.940696716308594e-06,0
gptoss120b,new_in_v3,575,generated,negative,2,false_negative,10,0,0.0,0.00012826919555664062,7.63676704390096e-05,0.41796875,5.817413330078125e-05,0
gptoss120b,new_in_v3,576,generated,negative,2,false_negative,10,0,0.0,0.00011922121047973633,6.396297586920207e-05,0.17578125,5.817413330078125e-05,0
gptoss120b,new_in_v3,577,generated,negative,2,false_negative,10,0,0.0,2.70843505859375e-05,9.011465373875123e-06,0.3515625,1.0132789611816406e-05,0
gptoss120b,new_in_v3,578,generated,negative,2,false_negative,10,0,0.0,6.957054138183594e-05,5.528453384695823e-05,0.0216064453125,4.00543212890625e-05,0
gptoss120b,new_in_v3,579,generated,negative,2,false_negative,10,0,0.0,0.00019845962524414062,9.249324420886137e-05,0.267578125,0.00014019012451171875,0
gptoss120b,new_in_v3,580,generated,negative,2,false_negative,10,0,0.0,8.9263916015625e-05,4.740303932960025e-05,0.12255859375,5.14984130859375e-05,0
gptoss120b,new_in_v3,581,generated,negative,2,false_negative,10,0,0.0,9.754300117492676e-06,2.194428373695763e-06,0.053466796875,6.139278411865234e-06,0
gptoss120b,new_in_v3,582,generated,negative,2,false_negative,10,0,0.0,5.14984130859375e-06,1.593165740255662e-06,0.166015625,5.424022674560547e-06,0
gptoss120b,new_in_v3,583,generated,negative,2,false_negative,10,0,0.0,0.00011835098266601562,5.706164608854032e-05,0.12890625,0.00012302398681640625,0
gptoss120b,new_in_v3,584,generated,negative,2,false_negative,10,0,0.0,0.00010361671447753907,5.2518417341728926e-05,0.208984375,0.000148773193359375,0
gptoss120b,new_in_v3,585,generated,negative,2,false_negative,10,0,0.0,7.528066635131836e-06,2.793593955647133e-06,0.02294921875,4.798173904418945e-06,0
gptoss120b,new_in_v3,586,generated,negative,2,false_negative,10,0,0.0,4.458427429199219e-05,2.4651130874587458e-05,0.055908203125,1.6689300537109375e-05,0
gptoss120b,new_in_v3,587,generated,negative,2,false_negative,10,0,0.0,7.352232933044433e-06,2.706348806687832e-06,0.265625,6.139278411865234e-06,0
gptoss120b,new_in_v3,588,generated,negative,2,false_negative,10,0,0.0,9.399652481079101e-06,2.9086822368033796e-06,0.2490234375,5.781650543212891e-06,0
gptoss120b,new_in_v3,589,generated,negative,2,false_negative,10,0,0.0,2.1469593048095702e-05,8.101691894619695e-06,0.1630859375,1.0788440704345703e-05,0
gptoss120b,overlong_excluded,18,source,negative,0,false_positive,10,0,0.0,0.02122802734375,0.02313972294431799,0.8671875,0.0033721923828125,0
gptoss120b,overlong_excluded,25,source,negative,0,false_positive,10,0,0.0,0.0749267578125,0.03913744201374283,1.0,0.00170135498046875,0
gptoss120b,overlong_excluded,27,source,negative,0,false_positive,10,0,0.0,0.0107574462890625,0.0072932719836369475,0.64453125,0.00096893310546875,0
gptoss120b,overlong_excluded,28,source,negative,0,false_positive,10,0,0.0,0.00402069091796875,0.0016546271070990769,0.91796875,0.000644683837890625,0
gptoss120b,overlong_excluded,32,source,negative,0,false_positive,10,6,0.6,0.53505859375,0.18039637991164564,0.87890625,0.169921875,0
gptoss120b,overlong_excluded,34,source,negative,0,false_positive,10,0,0.0,0.0013744354248046875,0.00043378865174809327,0.76953125,0.0003681182861328125,0
gptoss120b,overlong_excluded,35,source,negative,0,false_positive,10,0,0.0,0.00372161865234375,0.0033424117283632334,0.90234375,0.000606536865234375,0
gptoss120b,overlong_excluded,50,source,negative,0,false_positive,10,0,0.0,9.059906005859375e-06,7.719693215239155e-06,0.59375,3.725290298461914e-06,0
gptoss120b,overlong_excluded,52,source,negative,0,false_positive,10,0,0.0,0.0019805908203125,0.0015369961845825403,0.890625,0.0002460479736328125,0
gptoss120b,overlong_excluded,57,source,negative,0,false_positive,10,0,0.0,0.0087860107421875,0.004997624455494063,0.7109375,0.0002956390380859375,0
gptoss120b,overlong_excluded,60,source,negative,0,false_positive,10,0,0.0,0.00012536048889160155,4.3217718153844216e-05,0.9140625,3.528594970703125e-05,0
gptoss120b,overlong_excluded,62,source,negative,0,false_positive,10,0,0.0,0.007003021240234375,0.0037471374243298466,0.55078125,0.0003566741943359375,0
gptoss120b,overlong_excluded,65,source,negative,0,false_positive,10,0,0.0,0.0003766059875488281,0.0002885012189394883,0.88671875,7.009506225585938e-05,0
gptoss120b,overlong_excluded,124,source,negative,0,false_positive,10,0,0.0,3.249645233154297e-05,1.3302650504417052e-05,0.99609375,4.839897155761719e-05,0
gptoss120b,overlong_excluded,313,generated,positive,0,false_positive,10,0,0.0,1.0,0.0,0.8671875,1.0,0
gptoss120b,overlong_excluded,320,generated,positive,0,false_positive,10,0,0.0,1.0,0.0,1.0,1.0,0
gptoss120b,overlong_excluded,322,generated,positive,0,false_positive,10,0,0.0,1.0,0.0,0.64453125,1.0,0
gptoss120b,overlong_excluded,323,generated,positive,0,false_positive,10,0,0.0,0.99921875,0.0016470196146710309,0.91796875,1.0,0
gptoss120b,overlong_excluded,327,generated,positive,0,false_positive,10,0,0.0,1.0,0.0,0.87890625,1.0,0
gptoss120b,overlong_excluded,329,generated,positive,0,false_positive,10,0,0.0,0.99921875,0.0016470196146710309,0.76953125,1.0,0
gptoss120b,overlong_excluded,330,generated,positive,0,false_positive,10,0,0.0,1.0,0.0,0.90234375,1.0,0
gptoss120b,overlong_excluded,344,generated,positive,0,false_positive,10,0,0.0,1.0,0.0,0.59375,1.0,0
gptoss120b,overlong_excluded,346,generated,positive,0,false_positive,10,0,0.0,1.0,0.0,0.890625,1.0,0
gptoss120b,overlong_excluded,351,generated,positive,0,false_positive,10,0,0.0,1.0,0.0,0.7109375,1.0,0
gptoss120b,overlong_excluded,354,generated,positive,0,false_positive,10,0,0.0,1.0,0.0,0.9140625,1.0,0
gptoss120b,overlong_excluded,356,generated,positive,0,false_positive,10,0,0.0,1.0,0.0,0.55078125,1.0,0
gptoss120b,overlong_excluded,358,generated,positive,0,false_positive,10,0,0.0,1.0,0.0,0.88671875,1.0,0
gptoss120b,overlong_excluded,416,generated,positive,0,false_positive,10,0,0.0,1.0,0.0,0.99609375,1.0,0
