dataset,auroc,accuracy,tpr_at_fpr,fpr,arch,run,arm,n_kept,n_dropped,n_excluded,init_seed
eval_ai_dilemmas,0.6726859861591695,0.5,0.0,0.01,attention,far_s101,far,725,81,72,101
eval_ant_hh,0.7780129204722656,0.7089552238805971,0.0,0.01,attention,far_s101,far,725,81,72,101
eval_balanced_refusal,0.8936875,0.8125,0.365,0.01,attention,far_s101,far,725,81,72,101
eval_daily_dilemmas,0.8970741357767597,0.7806122448979592,0.3265306122448979,0.01,attention,far_s101,far,725,81,72,101
mean,0.8103651356020487,0.7005168671946391,0.1728826530612244,0.01,attention,far_s101,far,725,81,72,101
eval_ai_dilemmas,0.6824178200692042,0.5,0.0,0.01,attention,far_s202,far,725,81,72,202
eval_ant_hh,0.7812430385386501,0.7089552238805971,0.0,0.01,attention,far_s202,far,725,81,72,202
eval_balanced_refusal,0.8910250000000001,0.8175,0.0,0.01,attention,far_s202,far,725,81,72,202
eval_daily_dilemmas,0.8979071220324863,0.7959183673469388,0.0,0.01,attention,far_s202,far,725,81,72,202
mean,0.8131482451600851,0.705593397806884,0.0,0.01,attention,far_s202,far,725,81,72,202
eval_ai_dilemmas,0.6695501730103807,0.5,0.0,0.01,attention,far_s303,far,725,81,72,303
eval_ant_hh,0.7810202717754512,0.7164179104477612,0.0,0.01,attention,far_s303,far,725,81,72,303
eval_balanced_refusal,0.88895,0.8075,0.36,0.01,attention,far_s303,far,725,81,72,303
eval_daily_dilemmas,0.8933256976259891,0.7908163265306123,0.0,0.01,attention,far_s303,far,725,81,72,303
mean,0.8082115356029553,0.7036835592445934,0.09,0.01,attention,far_s303,far,725,81,72,303
eval_ai_dilemmas,0.67560553633218,0.5,0.0,0.01,attention,far_s404,far,725,81,72,404
eval_ant_hh,0.7852528402762307,0.7313432835820896,0.0,0.01,attention,far_s404,far,725,81,72,404
eval_balanced_refusal,0.88605,0.8,0.36,0.01,attention,far_s404,far,725,81,72,404
eval_daily_dilemmas,0.890722615576843,0.7806122448979592,0.0,0.01,attention,far_s404,far,725,81,72,404
mean,0.8094077480463134,0.7029888821200123,0.09,0.01,attention,far_s404,far,725,81,72,404
eval_ai_dilemmas,0.6787413494809689,0.5,0.0,0.01,attention,far_s42,far,725,81,72,42
eval_ant_hh,0.78335932278904,0.7164179104477612,0.0,0.01,attention,far_s42,far,725,81,72,42
eval_balanced_refusal,0.8948625,0.8075,0.345,0.01,attention,far_s42,far,725,81,72,42
eval_daily_dilemmas,0.8978029987505206,0.7908163265306123,0.2959183673469387,0.01,attention,far_s42,far,725,81,72,42
mean,0.8136915427551323,0.7036835592445934,0.1602295918367346,0.01,attention,far_s42,far,725,81,72,42
eval_ai_dilemmas,0.7042603806228374,0.5,0.0,0.01,attention,full_s101,full,806,0,72,101
eval_ant_hh,0.7931610603697928,0.7313432835820896,0.0,0.01,attention,full_s101,full,806,0,72,101
eval_balanced_refusal,0.906325,0.8125,0.46,0.01,attention,full_s101,full,806,0,72,101
eval_daily_dilemmas,0.9034777176176592,0.8010204081632653,0.3673469387755102,0.01,attention,full_s101,full,806,0,72,101
mean,0.8268060396525723,0.7112159229363387,0.2068367346938775,0.01,attention,full_s101,full,806,0,72,101
eval_ai_dilemmas,0.6945285467128028,0.5,0.0,0.01,attention,full_s202,full,806,0,72,202
eval_ant_hh,0.799175762976164,0.7089552238805971,0.0,0.01,attention,full_s202,full,806,0,72,202
eval_balanced_refusal,0.9051,0.8075,0.365,0.01,attention,full_s202,full,806,0,72,202
eval_daily_dilemmas,0.8849437734277383,0.7908163265306123,0.3061224489795918,0.01,attention,full_s202,full,806,0,72,202
mean,0.8209370207791764,0.7018178876028024,0.1677806122448979,0.01,attention,full_s202,full,806,0,72,202
eval_ai_dilemmas,0.6904195501730105,0.5,0.0,0.01,attention,full_s303,full,806,0,72,303
eval_ant_hh,0.7916016930274002,0.7014925373134329,0.0,0.01,attention,full_s303,full,806,0,72,303
eval_balanced_refusal,0.8982625,0.795,0.395,0.01,attention,full_s303,full,806,0,72,303
eval_daily_dilemmas,0.883069554352353,0.7959183673469388,0.2653061224489796,0.01,attention,full_s303,full,806,0,72,303
mean,0.815838324388191,0.698102726165093,0.1650765306122449,0.01,attention,full_s303,full,806,0,72,303
eval_ai_dilemmas,0.6992863321799306,0.5,0.0,0.01,attention,full_s404,full,806,0,72,404
eval_ant_hh,0.7840276230786366,0.7089552238805971,0.0,0.01,attention,full_s404,full,806,0,72,404
eval_balanced_refusal,0.900575,0.8075,0.39,0.01,attention,full_s404,full,806,0,72,404
eval_daily_dilemmas,0.8915035401915868,0.7959183673469388,0.0,0.01,attention,full_s404,full,806,0,72,404
mean,0.8188481238625385,0.7030933978068841,0.0975,0.01,attention,full_s404,full,806,0,72,404
eval_ai_dilemmas,0.7027465397923875,0.5,0.0,0.01,attention,full_s42,full,806,0,72,42
eval_ant_hh,0.7909333927378036,0.7014925373134329,0.0,0.01,attention,full_s42,full,806,0,72,42
eval_balanced_refusal,0.90785,0.815,0.375,0.01,attention,full_s42,full,806,0,72,42
eval_daily_dilemmas,0.8826530612244898,0.8112244897959183,0.0,0.01,attention,full_s42,full,806,0,72,42
mean,0.8210457484386702,0.7069292567773378,0.09375,0.01,attention,full_s42,full,806,0,72,42
eval_ai_dilemmas,0.7174524221453287,0.5,0.0,0.01,attention,near_s101,near,725,81,72,101
eval_ant_hh,0.7902650924482066,0.7089552238805971,0.0,0.01,attention,near_s101,near,725,81,72,101
eval_balanced_refusal,0.9188,0.8175,0.42,0.01,attention,near_s101,near,725,81,72,101
eval_daily_dilemmas,0.907746772178259,0.8112244897959183,0.3469387755102041,0.01,attention,near_s101,near,725,81,72,101
mean,0.8335660716929486,0.7094199284191288,0.191734693877551,0.01,attention,near_s101,near,725,81,72,101
eval_ai_dilemmas,0.6989619377162629,0.5,0.0,0.01,attention,near_s202,near,725,81,72,202
eval_ant_hh,0.7938293606593896,0.7164179104477612,0.0,0.01,attention,near_s202,near,725,81,72,202
eval_balanced_refusal,0.9120125,0.82,0.46,0.01,attention,near_s202,near,725,81,72,202
eval_daily_dilemmas,0.8884319033735943,0.8214285714285714,0.3061224489795918,0.01,attention,near_s202,near,725,81,72,202
mean,0.8233089254373117,0.714461620469083,0.1915306122448979,0.01,attention,near_s202,near,725,81,72,202
eval_ai_dilemmas,0.7170198961937716,0.5,0.0,0.01,attention,near_s303,near,725,81,72,303
eval_ant_hh,0.7894854087770107,0.7164179104477612,0.0,0.01,attention,near_s303,near,725,81,72,303
eval_balanced_refusal,0.9175625,0.8275,0.46,0.01,attention,near_s303,near,725,81,72,303
eval_daily_dilemmas,0.9014473136193252,0.8214285714285714,0.2959183673469387,0.01,attention,near_s303,near,725,81,72,303
mean,0.8313787796475269,0.7163366204690831,0.1889795918367346,0.01,attention,near_s303,near,725,81,72,303
eval_ai_dilemmas,0.7026384083044983,0.5,0.0,0.01,attention,near_s404,near,725,81,72,404
eval_ant_hh,0.7748941857874806,0.7089552238805971,0.0,0.01,attention,near_s404,near,725,81,72,404
eval_balanced_refusal,0.9125875,0.825,0.435,0.01,attention,near_s404,near,725,81,72,404
eval_daily_dilemmas,0.887390670553936,0.7959183673469388,0.0,0.01,attention,near_s404,near,725,81,72,404
mean,0.8193776911614786,0.7074683978068841,0.10875,0.01,attention,near_s404,near,725,81,72,404
eval_ai_dilemmas,0.6959342560553633,0.5,0.0,0.01,attention,near_s42,near,725,81,72,42
eval_ant_hh,0.7812430385386501,0.7014925373134329,0.0,0.01,attention,near_s42,near,725,81,72,42
eval_balanced_refusal,0.9118,0.82,0.45,0.01,attention,near_s42,near,725,81,72,42
eval_daily_dilemmas,0.8850478967097042,0.8010204081632653,0.336734693877551,0.01,attention,near_s42,near,725,81,72,42
mean,0.8185062978259294,0.7056282363691745,0.1966836734693877,0.01,attention,near_s42,near,725,81,72,42
eval_ai_dilemmas,0.7077205882352942,0.5,0.0,0.01,attention,neardraw_d0_s101,neardraw,725,81,72,101
eval_ant_hh,0.7791267542882602,0.7014925373134329,0.0,0.01,attention,neardraw_d0_s101,neardraw,725,81,72,101
eval_balanced_refusal,0.9165625,0.815,0.5,0.01,attention,neardraw_d0_s101,neardraw,725,81,72,101
eval_daily_dilemmas,0.8977509371095377,0.8061224489795918,0.336734693877551,0.01,attention,neardraw_d0_s101,neardraw,725,81,72,101
mean,0.825290194908273,0.7056537465732562,0.2091836734693877,0.01,attention,neardraw_d0_s101,neardraw,725,81,72,101
eval_ai_dilemmas,0.6943122837370242,0.5,0.0,0.01,attention,neardraw_d0_s202,neardraw,725,81,72,202
eval_ant_hh,0.7934952105145912,0.7089552238805971,0.0,0.01,attention,neardraw_d0_s202,neardraw,725,81,72,202
eval_balanced_refusal,0.9032875,0.8,0.43,0.01,attention,neardraw_d0_s202,neardraw,725,81,72,202
eval_daily_dilemmas,0.8908267388588088,0.8010204081632653,0.0,0.01,attention,neardraw_d0_s202,neardraw,725,81,72,202
mean,0.820480433277606,0.7024939080109656,0.1075,0.01,attention,neardraw_d0_s202,neardraw,725,81,72,202
eval_ai_dilemmas,0.6788494809688581,0.5,0.0,0.01,attention,neardraw_d0_s303,neardraw,725,81,72,303
eval_ant_hh,0.7850300735130318,0.7014925373134329,0.0,0.01,attention,neardraw_d0_s303,neardraw,725,81,72,303
eval_balanced_refusal,0.90785,0.8075,0.445,0.01,attention,neardraw_d0_s303,neardraw,725,81,72,303
eval_daily_dilemmas,0.8928571428571428,0.8061224489795918,0.0,0.01,attention,neardraw_d0_s303,neardraw,725,81,72,303
mean,0.8161466743347582,0.7037787465732562,0.11125,0.01,attention,neardraw_d0_s303,neardraw,725,81,72,303
eval_ai_dilemmas,0.7057742214532872,0.5,0.0,0.01,attention,neardraw_d0_s404,neardraw,725,81,72,404
eval_ant_hh,0.7776787703274671,0.7014925373134329,0.0,0.01,attention,neardraw_d0_s404,neardraw,725,81,72,404
eval_balanced_refusal,0.9052375,0.8025,0.405,0.01,attention,neardraw_d0_s404,neardraw,725,81,72,404
eval_daily_dilemmas,0.8951999167013744,0.8163265306122449,0.3469387755102041,0.01,attention,neardraw_d0_s404,neardraw,725,81,72,404
mean,0.8209726021205321,0.7050797669814195,0.187984693877551,0.01,attention,neardraw_d0_s404,neardraw,725,81,72,404
eval_ai_dilemmas,0.6958261245674742,0.5,0.0,0.01,attention,neardraw_d0_s42,neardraw,725,81,72,42
eval_ant_hh,0.7734462018266874,0.6940298507462687,0.0,0.01,attention,neardraw_d0_s42,neardraw,725,81,72,42
eval_balanced_refusal,0.904975,0.8075,0.42,0.01,attention,neardraw_d0_s42,neardraw,725,81,72,42
eval_daily_dilemmas,0.9013431903373594,0.8214285714285714,0.3775510204081632,0.01,attention,neardraw_d0_s42,neardraw,725,81,72,42
mean,0.8188976291828802,0.70573960554371,0.1993877551020408,0.01,attention,neardraw_d0_s42,neardraw,725,81,72,42
eval_ai_dilemmas,0.7045847750865053,0.5,0.0,0.01,attention,neardraw_d1_s42,neardraw,725,81,72,42
eval_ant_hh,0.7703274671419024,0.7014925373134329,0.0,0.01,attention,neardraw_d1_s42,neardraw,725,81,72,42
eval_balanced_refusal,0.9151125,0.81,0.49,0.01,attention,neardraw_d1_s42,neardraw,725,81,72,42
eval_daily_dilemmas,0.8987921699291962,0.8112244897959183,0.3061224489795918,0.01,attention,neardraw_d1_s42,neardraw,725,81,72,42
mean,0.8222042280394011,0.7056792567773378,0.1990306122448979,0.01,attention,neardraw_d1_s42,neardraw,725,81,72,42
eval_ai_dilemmas,0.7157223183391004,0.5,0.0,0.01,attention,neardraw_d2_s42,neardraw,725,81,72,42
eval_ant_hh,0.7977277790153708,0.7238805970149254,0.0,0.01,attention,neardraw_d2_s42,neardraw,725,81,72,42
eval_balanced_refusal,0.911275,0.8125,0.0,0.01,attention,neardraw_d2_s42,neardraw,725,81,72,42
eval_daily_dilemmas,0.9127967513536026,0.826530612244898,0.4387755102040816,0.01,attention,neardraw_d2_s42,neardraw,725,81,72,42
mean,0.8343804621770184,0.7157278023149558,0.1096938775510204,0.01,attention,neardraw_d2_s42,neardraw,725,81,72,42
eval_ai_dilemmas,0.7253460207612457,0.5,0.0,0.01,attention,neardraw_d3_s42,neardraw,725,81,72,42
eval_ant_hh,0.7792381376698596,0.7164179104477612,0.0,0.01,attention,neardraw_d3_s42,neardraw,725,81,72,42
eval_balanced_refusal,0.915975,0.8175,0.4,0.01,attention,neardraw_d3_s42,neardraw,725,81,72,42
eval_daily_dilemmas,0.9068096626405664,0.826530612244898,0.0,0.01,attention,neardraw_d3_s42,neardraw,725,81,72,42
mean,0.831842205267918,0.7151121306731647,0.1,0.01,attention,neardraw_d3_s42,neardraw,725,81,72,42
eval_ai_dilemmas,0.7031790657439447,0.5,0.0,0.01,attention,neardraw_d4_s42,neardraw,725,81,72,42
eval_ant_hh,0.7899309423034083,0.7089552238805971,0.0,0.01,attention,neardraw_d4_s42,neardraw,725,81,72,42
eval_balanced_refusal,0.9051,0.8,0.0,0.01,attention,neardraw_d4_s42,neardraw,725,81,72,42
eval_daily_dilemmas,0.9107142857142856,0.8367346938775511,0.0,0.01,attention,neardraw_d4_s42,neardraw,725,81,72,42
mean,0.8272310734404097,0.711422479439537,0.0,0.01,attention,neardraw_d4_s42,neardraw,725,81,72,42
eval_ai_dilemmas,0.7059904844290658,0.5,0.0,0.01,attention,neardraw_d5_s42,neardraw,725,81,72,42
eval_ant_hh,0.7696591668523057,0.6940298507462687,0.0,0.01,attention,neardraw_d5_s42,neardraw,725,81,72,42
eval_balanced_refusal,0.9164,0.82,0.465,0.01,attention,neardraw_d5_s42,neardraw,725,81,72,42
eval_daily_dilemmas,0.8943669304456476,0.8214285714285714,0.0,0.01,attention,neardraw_d5_s42,neardraw,725,81,72,42
mean,0.8216041454317549,0.70886460554371,0.11625,0.01,attention,neardraw_d5_s42,neardraw,725,81,72,42
eval_ai_dilemmas,0.7174524221453287,0.5,0.0,0.01,attention,neardraw_d6_s42,neardraw,725,81,72,42
eval_ant_hh,0.7823568723546447,0.7014925373134329,0.0,0.01,attention,neardraw_d6_s42,neardraw,725,81,72,42
eval_balanced_refusal,0.9128,0.805,0.38,0.01,attention,neardraw_d6_s42,neardraw,725,81,72,42
eval_daily_dilemmas,0.9024364847980008,0.826530612244898,0.3469387755102041,0.01,attention,neardraw_d6_s42,neardraw,725,81,72,42
mean,0.8287614448244935,0.7082557873895827,0.181734693877551,0.01,attention,neardraw_d6_s42,neardraw,725,81,72,42
eval_ai_dilemmas,0.6758217993079586,0.5,0.0,0.01,attention,neardraw_d7_s42,neardraw,725,81,72,42
eval_ant_hh,0.7762307863666741,0.7089552238805971,0.0,0.01,attention,neardraw_d7_s42,neardraw,725,81,72,42
eval_balanced_refusal,0.917675,0.82,0.495,0.01,attention,neardraw_d7_s42,neardraw,725,81,72,42
eval_daily_dilemmas,0.8876509787588505,0.7908163265306123,0.3265306122448979,0.01,attention,neardraw_d7_s42,neardraw,725,81,72,42
mean,0.8143446411083708,0.7049428876028023,0.2053826530612245,0.01,attention,neardraw_d7_s42,neardraw,725,81,72,42
eval_ai_dilemmas,0.7253460207612457,0.5,0.0,0.01,attention,neardraw_d8_s42,neardraw,725,81,72,42
eval_ant_hh,0.7650924482067276,0.7089552238805971,0.0,0.01,attention,neardraw_d8_s42,neardraw,725,81,72,42
eval_balanced_refusal,0.9253625,0.8225,0.465,0.01,attention,neardraw_d8_s42,neardraw,725,81,72,42
eval_daily_dilemmas,0.9060807996668054,0.8418367346938775,0.3979591836734694,0.01,attention,neardraw_d8_s42,neardraw,725,81,72,42
mean,0.8304704421586947,0.7183229896436186,0.2157397959183673,0.01,attention,neardraw_d8_s42,neardraw,725,81,72,42
eval_ai_dilemmas,0.7135596885813149,0.5,0.0,0.01,attention,neardraw_d9_s42,neardraw,725,81,72,42
eval_ant_hh,0.7645355312987302,0.7164179104477612,0.0,0.01,attention,neardraw_d9_s42,neardraw,725,81,72,42
eval_balanced_refusal,0.928325,0.8175,0.475,0.01,attention,neardraw_d9_s42,neardraw,725,81,72,42
eval_daily_dilemmas,0.900978758850479,0.8163265306122449,0.3571428571428571,0.01,attention,neardraw_d9_s42,neardraw,725,81,72,42
mean,0.8268497446826311,0.7125611102650015,0.2080357142857142,0.01,attention,neardraw_d9_s42,neardraw,725,81,72,42
eval_ai_dilemmas,0.5,0.5,0.0,0.01,difference_of_means,far_s42,far,725,81,72,42
eval_ant_hh,0.543328135442192,0.5298507462686567,0.0,0.01,difference_of_means,far_s42,far,725,81,72,42
eval_balanced_refusal,0.4402749999999999,0.4525,0.0,0.01,difference_of_means,far_s42,far,725,81,72,42
eval_daily_dilemmas,0.6336422324031654,0.5714285714285714,0.0,0.01,difference_of_means,far_s42,far,725,81,72,42
mean,0.5293113419613393,0.513444829424307,0.0,0.01,difference_of_means,far_s42,far,725,81,72,42
eval_ai_dilemmas,0.5073529411764706,0.5,0.0,0.01,difference_of_means,full_s42,full,806,0,72,42
eval_ant_hh,0.5946758743595455,0.5895522388059702,0.0,0.01,difference_of_means,full_s42,full,806,0,72,42
eval_balanced_refusal,0.5455625,0.52,0.0,0.01,difference_of_means,full_s42,full,806,0,72,42
eval_daily_dilemmas,0.676905456059975,0.6326530612244898,0.0,0.01,difference_of_means,full_s42,full,806,0,72,42
mean,0.5811241928989977,0.5605513250076151,0.0,0.01,difference_of_means,full_s42,full,806,0,72,42
eval_ai_dilemmas,0.5,0.5,0.0,0.01,difference_of_means,near_s42,near,725,81,72,42
eval_ant_hh,0.5263978614390733,0.5223880597014925,0.0,0.01,difference_of_means,near_s42,near,725,81,72,42
eval_balanced_refusal,0.4504624999999999,0.445,0.0,0.01,difference_of_means,near_s42,near,725,81,72,42
eval_daily_dilemmas,0.6100583090379008,0.5663265306122449,0.0,0.01,difference_of_means,near_s42,near,725,81,72,42
mean,0.5217296676192436,0.5084286475784343,0.0,0.01,difference_of_means,near_s42,near,725,81,72,42
eval_ai_dilemmas,0.5,0.5,0.0,0.01,difference_of_means,neardraw_d0_s42,neardraw,725,81,72,42
eval_ant_hh,0.5539095566941413,0.5447761194029851,0.0,0.01,difference_of_means,neardraw_d0_s42,neardraw,725,81,72,42
eval_balanced_refusal,0.4739625,0.4675,0.0,0.01,difference_of_means,neardraw_d0_s42,neardraw,725,81,72,42
eval_daily_dilemmas,0.6294252394835486,0.5714285714285714,0.0,0.01,difference_of_means,neardraw_d0_s42,neardraw,725,81,72,42
mean,0.5393243240444225,0.5209261727078891,0.0,0.01,difference_of_means,neardraw_d0_s42,neardraw,725,81,72,42
eval_ai_dilemmas,0.5,0.5,0.0,0.01,difference_of_means,neardraw_d1_s42,neardraw,725,81,72,42
eval_ant_hh,0.5463354867453776,0.5522388059701493,0.0,0.01,difference_of_means,neardraw_d1_s42,neardraw,725,81,72,42
eval_balanced_refusal,0.4635,0.465,0.0,0.01,difference_of_means,neardraw_d1_s42,neardraw,725,81,72,42
eval_daily_dilemmas,0.6398896293211163,0.5867346938775511,0.0,0.01,difference_of_means,neardraw_d1_s42,neardraw,725,81,72,42
mean,0.5374312790166235,0.5259933749619251,0.0,0.01,difference_of_means,neardraw_d1_s42,neardraw,725,81,72,42
eval_ai_dilemmas,0.5,0.5,0.0,0.01,difference_of_means,neardraw_d2_s42,neardraw,725,81,72,42
eval_ant_hh,0.5399866339942081,0.5447761194029851,0.0,0.01,difference_of_means,neardraw_d2_s42,neardraw,725,81,72,42
eval_balanced_refusal,0.4490875,0.45,0.0,0.01,difference_of_means,neardraw_d2_s42,neardraw,725,81,72,42
eval_daily_dilemmas,0.6327051228654726,0.5663265306122449,0.0,0.01,difference_of_means,neardraw_d2_s42,neardraw,725,81,72,42
mean,0.5304448142149202,0.5152756625038075,0.0,0.01,difference_of_means,neardraw_d2_s42,neardraw,725,81,72,42
eval_ai_dilemmas,0.5,0.5,0.0,0.01,difference_of_means,neardraw_d3_s42,neardraw,725,81,72,42
eval_ant_hh,0.5427712185341946,0.5447761194029851,0.0,0.01,difference_of_means,neardraw_d3_s42,neardraw,725,81,72,42
eval_balanced_refusal,0.456075,0.4625,0.0,0.01,difference_of_means,neardraw_d3_s42,neardraw,725,81,72,42
eval_daily_dilemmas,0.6498334027488546,0.5969387755102041,0.0,0.01,difference_of_means,neardraw_d3_s42,neardraw,725,81,72,42
mean,0.5371699053207624,0.5260537237282973,0.0,0.01,difference_of_means,neardraw_d3_s42,neardraw,725,81,72,42
eval_ai_dilemmas,0.5,0.5,0.0,0.01,difference_of_means,neardraw_d4_s42,neardraw,725,81,72,42
eval_ant_hh,0.5423256850077969,0.5373134328358209,0.0,0.01,difference_of_means,neardraw_d4_s42,neardraw,725,81,72,42
eval_balanced_refusal,0.4421000000000001,0.4525,0.0,0.01,difference_of_means,neardraw_d4_s42,neardraw,725,81,72,42
eval_daily_dilemmas,0.6362973760932945,0.5816326530612245,0.0,0.01,difference_of_means,neardraw_d4_s42,neardraw,725,81,72,42
mean,0.5301807652752729,0.5178615214742613,0.0,0.01,difference_of_means,neardraw_d4_s42,neardraw,725,81,72,42
eval_ai_dilemmas,0.5,0.5,0.0,0.01,difference_of_means,neardraw_d5_s42,neardraw,725,81,72,42
eval_ant_hh,0.5504566718645578,0.5447761194029851,0.0,0.01,difference_of_means,neardraw_d5_s42,neardraw,725,81,72,42
eval_balanced_refusal,0.4586,0.4675,0.0,0.01,difference_of_means,neardraw_d5_s42,neardraw,725,81,72,42
eval_daily_dilemmas,0.6861724281549355,0.6275510204081632,0.0,0.01,difference_of_means,neardraw_d5_s42,neardraw,725,81,72,42
mean,0.5488072750048734,0.5349567849527871,0.0,0.01,difference_of_means,neardraw_d5_s42,neardraw,725,81,72,42
eval_ai_dilemmas,0.5,0.5,0.0,0.01,difference_of_means,neardraw_d6_s42,neardraw,725,81,72,42
eval_ant_hh,0.5379817331254177,0.5447761194029851,0.0,0.01,difference_of_means,neardraw_d6_s42,neardraw,725,81,72,42
eval_balanced_refusal,0.427425,0.445,0.0,0.01,difference_of_means,neardraw_d6_s42,neardraw,725,81,72,42
eval_daily_dilemmas,0.6383798417326114,0.576530612244898,0.0,0.01,difference_of_means,neardraw_d6_s42,neardraw,725,81,72,42
mean,0.5259466437145073,0.5165766829119708,0.0,0.01,difference_of_means,neardraw_d6_s42,neardraw,725,81,72,42
eval_ai_dilemmas,0.5,0.5,0.0,0.01,difference_of_means,neardraw_d7_s42,neardraw,725,81,72,42
eval_ant_hh,0.5549120071285364,0.5597014925373134,0.0,0.01,difference_of_means,neardraw_d7_s42,neardraw,725,81,72,42
eval_balanced_refusal,0.4743375,0.4675,0.0,0.01,difference_of_means,neardraw_d7_s42,neardraw,725,81,72,42
eval_daily_dilemmas,0.6302582257392754,0.5816326530612245,0.0,0.01,difference_of_means,neardraw_d7_s42,neardraw,725,81,72,42
mean,0.539876933216953,0.5272085363996345,0.0,0.01,difference_of_means,neardraw_d7_s42,neardraw,725,81,72,42
eval_ai_dilemmas,0.5,0.5,0.0,0.01,difference_of_means,neardraw_d8_s42,neardraw,725,81,72,42
eval_ant_hh,0.5635999108932948,0.5671641791044776,0.0,0.01,difference_of_means,neardraw_d8_s42,neardraw,725,81,72,42
eval_balanced_refusal,0.5033249999999999,0.4925,0.0,0.01,difference_of_means,neardraw_d8_s42,neardraw,725,81,72,42
eval_daily_dilemmas,0.6306747188671388,0.576530612244898,0.0,0.01,difference_of_means,neardraw_d8_s42,neardraw,725,81,72,42
mean,0.5493999074401084,0.5340486978373439,0.0,0.01,difference_of_means,neardraw_d8_s42,neardraw,725,81,72,42
eval_ai_dilemmas,0.5,0.5,0.0,0.01,difference_of_means,neardraw_d9_s42,neardraw,725,81,72,42
eval_ant_hh,0.5467810202717754,0.5447761194029851,0.0,0.01,difference_of_means,neardraw_d9_s42,neardraw,725,81,72,42
eval_balanced_refusal,0.472075,0.47,0.0,0.01,difference_of_means,neardraw_d9_s42,neardraw,725,81,72,42
eval_daily_dilemmas,0.6344752186588922,0.5612244897959183,0.0,0.01,difference_of_means,neardraw_d9_s42,neardraw,725,81,72,42
mean,0.538332809732667,0.5190001522997258,0.0,0.01,difference_of_means,neardraw_d9_s42,neardraw,725,81,72,42
eval_ai_dilemmas,0.5,0.5,0.0,0.01,lda,far_s42,far,725,81,72,42
eval_ant_hh,0.543328135442192,0.5298507462686567,0.0,0.01,lda,far_s42,far,725,81,72,42
eval_balanced_refusal,0.4402749999999999,0.4525,0.0,0.01,lda,far_s42,far,725,81,72,42
eval_daily_dilemmas,0.6336422324031654,0.5714285714285714,0.0,0.01,lda,far_s42,far,725,81,72,42
mean,0.5293113419613393,0.513444829424307,0.0,0.01,lda,far_s42,far,725,81,72,42
eval_ai_dilemmas,0.5073529411764706,0.5,0.0,0.01,lda,full_s42,full,806,0,72,42
eval_ant_hh,0.5946758743595455,0.5895522388059702,0.0,0.01,lda,full_s42,full,806,0,72,42
eval_balanced_refusal,0.5455625,0.52,0.0,0.01,lda,full_s42,full,806,0,72,42
eval_daily_dilemmas,0.676905456059975,0.6326530612244898,0.0,0.01,lda,full_s42,full,806,0,72,42
mean,0.5811241928989977,0.5605513250076151,0.0,0.01,lda,full_s42,full,806,0,72,42
eval_ai_dilemmas,0.5,0.5,0.0,0.01,lda,near_s42,near,725,81,72,42
eval_ant_hh,0.5263978614390733,0.5223880597014925,0.0,0.01,lda,near_s42,near,725,81,72,42
eval_balanced_refusal,0.4504624999999999,0.445,0.0,0.01,lda,near_s42,near,725,81,72,42
eval_daily_dilemmas,0.6100583090379008,0.5663265306122449,0.0,0.01,lda,near_s42,near,725,81,72,42
mean,0.5217296676192436,0.5084286475784343,0.0,0.01,lda,near_s42,near,725,81,72,42
eval_ai_dilemmas,0.5,0.5,0.0,0.01,lda,neardraw_d0_s42,neardraw,725,81,72,42
eval_ant_hh,0.5539095566941413,0.5447761194029851,0.0,0.01,lda,neardraw_d0_s42,neardraw,725,81,72,42
eval_balanced_refusal,0.4739625,0.4675,0.0,0.01,lda,neardraw_d0_s42,neardraw,725,81,72,42
eval_daily_dilemmas,0.6294252394835486,0.5714285714285714,0.0,0.01,lda,neardraw_d0_s42,neardraw,725,81,72,42
mean,0.5393243240444225,0.5209261727078891,0.0,0.01,lda,neardraw_d0_s42,neardraw,725,81,72,42
eval_ai_dilemmas,0.5,0.5,0.0,0.01,lda,neardraw_d1_s42,neardraw,725,81,72,42
eval_ant_hh,0.5463354867453776,0.5522388059701493,0.0,0.01,lda,neardraw_d1_s42,neardraw,725,81,72,42
eval_balanced_refusal,0.4635,0.465,0.0,0.01,lda,neardraw_d1_s42,neardraw,725,81,72,42
eval_daily_dilemmas,0.6398896293211163,0.5867346938775511,0.0,0.01,lda,neardraw_d1_s42,neardraw,725,81,72,42
mean,0.5374312790166235,0.5259933749619251,0.0,0.01,lda,neardraw_d1_s42,neardraw,725,81,72,42
eval_ai_dilemmas,0.5,0.5,0.0,0.01,lda,neardraw_d2_s42,neardraw,725,81,72,42
eval_ant_hh,0.5399866339942081,0.5447761194029851,0.0,0.01,lda,neardraw_d2_s42,neardraw,725,81,72,42
eval_balanced_refusal,0.4490875,0.45,0.0,0.01,lda,neardraw_d2_s42,neardraw,725,81,72,42
eval_daily_dilemmas,0.6327051228654726,0.5663265306122449,0.0,0.01,lda,neardraw_d2_s42,neardraw,725,81,72,42
mean,0.5304448142149202,0.5152756625038075,0.0,0.01,lda,neardraw_d2_s42,neardraw,725,81,72,42
eval_ai_dilemmas,0.5,0.5,0.0,0.01,lda,neardraw_d3_s42,neardraw,725,81,72,42
eval_ant_hh,0.5427712185341946,0.5447761194029851,0.0,0.01,lda,neardraw_d3_s42,neardraw,725,81,72,42
eval_balanced_refusal,0.456075,0.4625,0.0,0.01,lda,neardraw_d3_s42,neardraw,725,81,72,42
eval_daily_dilemmas,0.6498334027488546,0.5969387755102041,0.0,0.01,lda,neardraw_d3_s42,neardraw,725,81,72,42
mean,0.5371699053207624,0.5260537237282973,0.0,0.01,lda,neardraw_d3_s42,neardraw,725,81,72,42
eval_ai_dilemmas,0.5,0.5,0.0,0.01,lda,neardraw_d4_s42,neardraw,725,81,72,42
eval_ant_hh,0.5423256850077969,0.5373134328358209,0.0,0.01,lda,neardraw_d4_s42,neardraw,725,81,72,42
eval_balanced_refusal,0.4421000000000001,0.4525,0.0,0.01,lda,neardraw_d4_s42,neardraw,725,81,72,42
eval_daily_dilemmas,0.6362973760932945,0.5816326530612245,0.0,0.01,lda,neardraw_d4_s42,neardraw,725,81,72,42
mean,0.5301807652752729,0.5178615214742613,0.0,0.01,lda,neardraw_d4_s42,neardraw,725,81,72,42
eval_ai_dilemmas,0.5,0.5,0.0,0.01,lda,neardraw_d5_s42,neardraw,725,81,72,42
eval_ant_hh,0.5504566718645578,0.5447761194029851,0.0,0.01,lda,neardraw_d5_s42,neardraw,725,81,72,42
eval_balanced_refusal,0.4586,0.4675,0.0,0.01,lda,neardraw_d5_s42,neardraw,725,81,72,42
eval_daily_dilemmas,0.6861724281549355,0.6275510204081632,0.0,0.01,lda,neardraw_d5_s42,neardraw,725,81,72,42
mean,0.5488072750048734,0.5349567849527871,0.0,0.01,lda,neardraw_d5_s42,neardraw,725,81,72,42
eval_ai_dilemmas,0.5,0.5,0.0,0.01,lda,neardraw_d6_s42,neardraw,725,81,72,42
eval_ant_hh,0.5379817331254177,0.5447761194029851,0.0,0.01,lda,neardraw_d6_s42,neardraw,725,81,72,42
eval_balanced_refusal,0.427425,0.445,0.0,0.01,lda,neardraw_d6_s42,neardraw,725,81,72,42
eval_daily_dilemmas,0.6383798417326114,0.576530612244898,0.0,0.01,lda,neardraw_d6_s42,neardraw,725,81,72,42
mean,0.5259466437145073,0.5165766829119708,0.0,0.01,lda,neardraw_d6_s42,neardraw,725,81,72,42
eval_ai_dilemmas,0.5,0.5,0.0,0.01,lda,neardraw_d7_s42,neardraw,725,81,72,42
eval_ant_hh,0.5549120071285364,0.5597014925373134,0.0,0.01,lda,neardraw_d7_s42,neardraw,725,81,72,42
eval_balanced_refusal,0.4743375,0.4675,0.0,0.01,lda,neardraw_d7_s42,neardraw,725,81,72,42
eval_daily_dilemmas,0.6302582257392754,0.5816326530612245,0.0,0.01,lda,neardraw_d7_s42,neardraw,725,81,72,42
mean,0.539876933216953,0.5272085363996345,0.0,0.01,lda,neardraw_d7_s42,neardraw,725,81,72,42
eval_ai_dilemmas,0.5,0.5,0.0,0.01,lda,neardraw_d8_s42,neardraw,725,81,72,42
eval_ant_hh,0.5635999108932948,0.5671641791044776,0.0,0.01,lda,neardraw_d8_s42,neardraw,725,81,72,42
eval_balanced_refusal,0.5033249999999999,0.4925,0.0,0.01,lda,neardraw_d8_s42,neardraw,725,81,72,42
eval_daily_dilemmas,0.6306747188671388,0.576530612244898,0.0,0.01,lda,neardraw_d8_s42,neardraw,725,81,72,42
mean,0.5493999074401084,0.5340486978373439,0.0,0.01,lda,neardraw_d8_s42,neardraw,725,81,72,42
eval_ai_dilemmas,0.5,0.5,0.0,0.01,lda,neardraw_d9_s42,neardraw,725,81,72,42
eval_ant_hh,0.5467810202717754,0.5447761194029851,0.0,0.01,lda,neardraw_d9_s42,neardraw,725,81,72,42
eval_balanced_refusal,0.472075,0.47,0.0,0.01,lda,neardraw_d9_s42,neardraw,725,81,72,42
eval_daily_dilemmas,0.6344752186588922,0.5612244897959183,0.0,0.01,lda,neardraw_d9_s42,neardraw,725,81,72,42
mean,0.538332809732667,0.5190001522997258,0.0,0.01,lda,neardraw_d9_s42,neardraw,725,81,72,42
eval_ai_dilemmas,0.9653979238754326,0.625,0.0,0.01,linear_then_last,far_s101,far,725,81,72,101
eval_ant_hh,0.6899086656270884,0.6194029850746269,0.0,0.01,linear_then_last,far_s101,far,725,81,72,101
eval_balanced_refusal,0.9466625,0.875,0.685,0.01,linear_then_last,far_s101,far,725,81,72,101
eval_daily_dilemmas,0.9703248646397334,0.8724489795918368,0.0,0.01,linear_then_last,far_s101,far,725,81,72,101
mean,0.8930734885355636,0.7479629911666159,0.17125,0.01,linear_then_last,far_s101,far,725,81,72,101
eval_ai_dilemmas,0.992430795847751,0.875,0.0,0.01,linear_then_last,far_s202,far,725,81,72,202
eval_ant_hh,0.6982624192470483,0.6268656716417911,0.0,0.01,linear_then_last,far_s202,far,725,81,72,202
eval_balanced_refusal,0.959325,0.91,0.585,0.01,linear_then_last,far_s202,far,725,81,72,202
eval_daily_dilemmas,0.9713140358184088,0.8928571428571429,0.0,0.01,linear_then_last,far_s202,far,725,81,72,202
mean,0.905333062728302,0.8261807036247335,0.14625,0.01,linear_then_last,far_s202,far,725,81,72,202
eval_ai_dilemmas,0.995242214532872,0.8382352941176471,0.9852941176470588,0.01,linear_then_last,far_s303,far,725,81,72,303
eval_ant_hh,0.6825573624415238,0.6119402985074627,0.0,0.01,linear_then_last,far_s303,far,725,81,72,303
eval_balanced_refusal,0.966325,0.9025,0.685,0.01,linear_then_last,far_s303,far,725,81,72,303
eval_daily_dilemmas,0.9656393169512704,0.8928571428571429,0.6020408163265306,0.01,linear_then_last,far_s303,far,725,81,72,303
mean,0.9024409734814164,0.8113831838705631,0.5680837334933974,0.01,linear_then_last,far_s303,far,725,81,72,303
eval_ai_dilemmas,0.9907006920415226,0.7867647058823529,0.0,0.01,linear_then_last,far_s404,far,725,81,72,404
eval_ant_hh,0.6738694586767654,0.5970149253731343,0.0,0.01,linear_then_last,far_s404,far,725,81,72,404
eval_balanced_refusal,0.9474625,0.8825,0.535,0.01,linear_then_last,far_s404,far,725,81,72,404
eval_daily_dilemmas,0.9695960016659726,0.8979591836734694,0.6938775510204082,0.01,linear_then_last,far_s404,far,725,81,72,404
mean,0.8954071630960652,0.7910597037322391,0.307219387755102,0.01,linear_then_last,far_s404,far,725,81,72,404
eval_ai_dilemmas,0.8963019031141869,0.5220588235294118,0.0,0.01,linear_then_last,far_s42,far,725,81,72,42
eval_ant_hh,0.6860102472711072,0.6194029850746269,0.0,0.01,linear_then_last,far_s42,far,725,81,72,42
eval_balanced_refusal,0.960025,0.9025,0.695,0.01,linear_then_last,far_s42,far,725,81,72,42
eval_daily_dilemmas,0.9442419825072884,0.7653061224489796,0.0,0.01,linear_then_last,far_s42,far,725,81,72,42
mean,0.8716447832231455,0.7023169827632546,0.17375,0.01,linear_then_last,far_s42,far,725,81,72,42
eval_ai_dilemmas,0.9934039792387545,0.8970588235294118,0.0,0.01,linear_then_last,full_s101,full,806,0,72,101
eval_ant_hh,0.6955892180886611,0.6417910447761194,0.0,0.01,linear_then_last,full_s101,full,806,0,72,101
eval_balanced_refusal,0.93865,0.87,0.43,0.01,linear_then_last,full_s101,full,806,0,72,101
eval_daily_dilemmas,0.9648063306955436,0.8928571428571429,0.0,0.01,linear_then_last,full_s101,full,806,0,72,101
mean,0.8981123820057398,0.8254267527906685,0.1075,0.01,linear_then_last,full_s101,full,806,0,72,101
eval_ai_dilemmas,0.9911332179930796,0.7352941176470589,0.9558823529411764,0.01,linear_then_last,full_s202,full,806,0,72,202
eval_ant_hh,0.6748719091111606,0.6194029850746269,0.0,0.01,linear_then_last,full_s202,full,806,0,72,202
eval_balanced_refusal,0.9549875,0.9025,0.61,0.01,linear_then_last,full_s202,full,806,0,72,202
eval_daily_dilemmas,0.9695439400249896,0.9132653061224488,0.0,0.01,linear_then_last,full_s202,full,806,0,72,202
mean,0.8976341417823075,0.7926156022110336,0.3914705882352941,0.01,linear_then_last,full_s202,full,806,0,72,202
eval_ai_dilemmas,0.9922145328719724,0.8823529411764706,0.9558823529411764,0.01,linear_then_last,full_s303,full,806,0,72,303
eval_ant_hh,0.6749832924927601,0.6119402985074627,0.0,0.01,linear_then_last,full_s303,full,806,0,72,303
eval_balanced_refusal,0.9376,0.875,0.53,0.01,linear_then_last,full_s303,full,806,0,72,303
eval_daily_dilemmas,0.9700645564348188,0.9183673469387756,0.6632653061224489,0.01,linear_then_last,full_s303,full,806,0,72,303
mean,0.8937155954498879,0.8219151466556771,0.5372869147659063,0.01,linear_then_last,full_s303,full,806,0,72,303
eval_ai_dilemmas,0.9817257785467128,0.6985294117647058,0.9411764705882352,0.01,linear_then_last,full_s404,full,806,0,72,404
eval_ant_hh,0.6622855869904211,0.6268656716417911,0.0,0.01,linear_then_last,full_s404,full,806,0,72,404
eval_balanced_refusal,0.96075,0.9075,0.605,0.01,linear_then_last,full_s404,full,806,0,72,404
eval_daily_dilemmas,0.9586109954185756,0.8877551020408163,0.0,0.01,linear_then_last,full_s404,full,806,0,72,404
mean,0.8908430902389274,0.7801625463618282,0.3865441176470588,0.01,linear_then_last,full_s404,full,806,0,72,404
eval_ai_dilemmas,0.9917820069204152,0.8014705882352942,0.9558823529411764,0.01,linear_then_last,full_s42,full,806,0,72,42
eval_ant_hh,0.6897972822454889,0.6194029850746269,0.0,0.01,linear_then_last,full_s42,full,806,0,72,42
eval_balanced_refusal,0.9182875,0.85,0.49,0.01,linear_then_last,full_s42,full,806,0,72,42
eval_daily_dilemmas,0.9548104956268222,0.8826530612244898,0.0,0.01,linear_then_last,full_s42,full,806,0,72,42
mean,0.8886693211981815,0.7883816586336028,0.3614705882352941,0.01,linear_then_last,full_s42,full,806,0,72,42
eval_ai_dilemmas,0.986916089965398,0.8602941176470589,0.0,0.01,linear_then_last,near_s101,near,725,81,72,101
eval_ant_hh,0.7124081087101806,0.6343283582089553,0.0,0.01,linear_then_last,near_s101,near,725,81,72,101
eval_balanced_refusal,0.9340125,0.855,0.455,0.01,linear_then_last,near_s101,near,725,81,72,101
eval_daily_dilemmas,0.9571532694710536,0.8979591836734694,0.5306122448979592,0.01,linear_then_last,near_s101,near,725,81,72,101
mean,0.8976224920366581,0.8118954148823709,0.2464030612244898,0.01,linear_then_last,near_s101,near,725,81,72,101
eval_ai_dilemmas,0.9919982698961938,0.8529411764705882,0.0,0.01,linear_then_last,near_s202,near,725,81,72,202
eval_ant_hh,0.6734239251503676,0.6044776119402985,0.0,0.01,linear_then_last,near_s202,near,725,81,72,202
eval_balanced_refusal,0.9579,0.89,0.57,0.01,linear_then_last,near_s202,near,725,81,72,202
eval_daily_dilemmas,0.9743336109954186,0.8979591836734694,0.7142857142857143,0.01,linear_then_last,near_s202,near,725,81,72,202
mean,0.8994139515104951,0.811344493021089,0.3210714285714285,0.01,linear_then_last,near_s202,near,725,81,72,202
eval_ai_dilemmas,0.992430795847751,0.9632352941176472,0.9411764705882352,0.01,linear_then_last,near_s303,near,725,81,72,303
eval_ant_hh,0.690020049008688,0.5970149253731343,0.0,0.01,linear_then_last,near_s303,near,725,81,72,303
eval_balanced_refusal,0.9402125,0.8425,0.51,0.01,linear_then_last,near_s303,near,725,81,72,303
eval_daily_dilemmas,0.9723032069970844,0.9081632653061223,0.6122448979591837,0.01,linear_then_last,near_s303,near,725,81,72,303
mean,0.8987416379633808,0.8277283711992259,0.5158553421368548,0.01,linear_then_last,near_s303,near,725,81,72,303
eval_ai_dilemmas,0.9909169550173011,0.7352941176470589,0.0,0.01,linear_then_last,near_s404,near,725,81,72,404
eval_ant_hh,0.706059255959011,0.6119402985074627,0.0,0.01,linear_then_last,near_s404,near,725,81,72,404
eval_balanced_refusal,0.941275,0.87,0.545,0.01,linear_then_last,near_s404,near,725,81,72,404
eval_daily_dilemmas,0.9707413577675968,0.8877551020408163,0.6938775510204082,0.01,linear_then_last,near_s404,near,725,81,72,404
mean,0.9022481421859772,0.7762473795488345,0.309719387755102,0.01,linear_then_last,near_s404,near,725,81,72,404
eval_ai_dilemmas,0.981293252595156,0.8088235294117647,0.8970588235294118,0.01,linear_then_last,near_s42,near,725,81,72,42
eval_ant_hh,0.7145243929605704,0.6417910447761194,0.0,0.01,linear_then_last,near_s42,near,725,81,72,42
eval_balanced_refusal,0.93885,0.8825,0.545,0.01,linear_then_last,near_s42,near,725,81,72,42
eval_daily_dilemmas,0.9504893794252396,0.8775510204081632,0.5714285714285714,0.01,linear_then_last,near_s42,near,725,81,72,42
mean,0.8962892562452414,0.8026663986490118,0.5033718487394958,0.01,linear_then_last,near_s42,near,725,81,72,42
eval_ai_dilemmas,0.994809688581315,0.9117647058823528,0.0,0.01,linear_then_last,neardraw_d0_s101,neardraw,725,81,72,101
eval_ant_hh,0.6973713521942526,0.6194029850746269,0.0,0.01,linear_then_last,neardraw_d0_s101,neardraw,725,81,72,101
eval_balanced_refusal,0.9364625,0.8775,0.39,0.01,linear_then_last,neardraw_d0_s101,neardraw,725,81,72,101
eval_daily_dilemmas,0.9675135360266556,0.903061224489796,0.0,0.01,linear_then_last,neardraw_d0_s101,neardraw,725,81,72,101
mean,0.8990392692005558,0.8279322288616939,0.0975,0.01,linear_then_last,neardraw_d0_s101,neardraw,725,81,72,101
eval_ai_dilemmas,0.9969723183391004,0.9705882352941176,0.9411764705882352,0.01,linear_then_last,neardraw_d0_s202,neardraw,725,81,72,202
eval_ant_hh,0.6407885943417241,0.5522388059701493,0.0,0.01,linear_then_last,neardraw_d0_s202,neardraw,725,81,72,202
eval_balanced_refusal,0.9562,0.8775,0.56,0.01,linear_then_last,neardraw_d0_s202,neardraw,725,81,72,202
eval_daily_dilemmas,0.9754789670970428,0.9081632653061223,0.7142857142857143,0.01,linear_then_last,neardraw_d0_s202,neardraw,725,81,72,202
mean,0.8923599699444668,0.8271225766425974,0.5538655462184874,0.01,linear_then_last,neardraw_d0_s202,neardraw,725,81,72,202
eval_ai_dilemmas,0.9796712802768168,0.9264705882352942,0.0,0.01,linear_then_last,neardraw_d0_s303,neardraw,725,81,72,303
eval_ant_hh,0.7037202049454221,0.6268656716417911,0.0,0.01,linear_then_last,neardraw_d0_s303,neardraw,725,81,72,303
eval_balanced_refusal,0.9259625,0.8475,0.385,0.01,linear_then_last,neardraw_d0_s303,neardraw,725,81,72,303
eval_daily_dilemmas,0.9339858392336526,0.8316326530612245,0.3673469387755102,0.01,linear_then_last,neardraw_d0_s303,neardraw,725,81,72,303
mean,0.8858349561139728,0.8081172282345774,0.1880867346938775,0.01,linear_then_last,neardraw_d0_s303,neardraw,725,81,72,303
eval_ai_dilemmas,0.9926470588235294,0.9044117647058824,0.9558823529411764,0.01,linear_then_last,neardraw_d0_s404,neardraw,725,81,72,404
eval_ant_hh,0.6809979950991312,0.6044776119402985,0.0,0.01,linear_then_last,neardraw_d0_s404,neardraw,725,81,72,404
eval_balanced_refusal,0.946225,0.8775,0.565,0.01,linear_then_last,neardraw_d0_s404,neardraw,725,81,72,404
eval_daily_dilemmas,0.9694918783840066,0.9081632653061223,0.0,0.01,linear_then_last,neardraw_d0_s404,neardraw,725,81,72,404
mean,0.8973404830766668,0.8236381604880758,0.3802205882352941,0.01,linear_then_last,neardraw_d0_s404,neardraw,725,81,72,404
eval_ai_dilemmas,0.9762110726643598,0.8308823529411765,0.8235294117647058,0.01,linear_then_last,neardraw_d0_s42,neardraw,725,81,72,42
eval_ant_hh,0.6840053464023168,0.6119402985074627,0.0,0.01,linear_then_last,neardraw_d0_s42,neardraw,725,81,72,42
eval_balanced_refusal,0.910425,0.835,0.46,0.01,linear_then_last,neardraw_d0_s42,neardraw,725,81,72,42
eval_daily_dilemmas,0.9182632236568096,0.8469387755102041,0.0,0.01,linear_then_last,neardraw_d0_s42,neardraw,725,81,72,42
mean,0.8722261606808716,0.7811903567397108,0.3208823529411764,0.01,linear_then_last,neardraw_d0_s42,neardraw,725,81,72,42
eval_ai_dilemmas,0.9963235294117648,0.8602941176470589,0.9558823529411764,0.01,linear_then_last,neardraw_d1_s42,neardraw,725,81,72,42
eval_ant_hh,0.6884606816662954,0.5895522388059702,0.0,0.01,linear_then_last,neardraw_d1_s42,neardraw,725,81,72,42
eval_balanced_refusal,0.917525,0.865,0.515,0.01,linear_then_last,neardraw_d1_s42,neardraw,725,81,72,42
eval_daily_dilemmas,0.9781861724281548,0.903061224489796,0.0,0.01,linear_then_last,neardraw_d1_s42,neardraw,725,81,72,42
mean,0.8951238458765537,0.8044768952357062,0.3677205882352941,0.01,linear_then_last,neardraw_d1_s42,neardraw,725,81,72,42
eval_ai_dilemmas,0.9895112456747404,0.9338235294117648,0.7941176470588235,0.01,linear_then_last,neardraw_d2_s42,neardraw,725,81,72,42
eval_ant_hh,0.6894631321006905,0.6268656716417911,0.0,0.01,linear_then_last,neardraw_d2_s42,neardraw,725,81,72,42
eval_balanced_refusal,0.957475,0.88,0.615,0.01,linear_then_last,neardraw_d2_s42,neardraw,725,81,72,42
eval_daily_dilemmas,0.9594960433152852,0.8775510204081632,0.5918367346938775,0.01,linear_then_last,neardraw_d2_s42,neardraw,725,81,72,42
mean,0.8989863552726791,0.8295600553654298,0.5002385954381753,0.01,linear_then_last,neardraw_d2_s42,neardraw,725,81,72,42
eval_ai_dilemmas,0.9923226643598616,0.8823529411764706,0.9117647058823528,0.01,linear_then_last,neardraw_d3_s42,neardraw,725,81,72,42
eval_ant_hh,0.6831142793495211,0.5970149253731343,0.0,0.01,linear_then_last,neardraw_d3_s42,neardraw,725,81,72,42
eval_balanced_refusal,0.9255124999999998,0.85,0.53,0.01,linear_then_last,neardraw_d3_s42,neardraw,725,81,72,42
eval_daily_dilemmas,0.9401811745106204,0.8826530612244898,0.0,0.01,linear_then_last,neardraw_d3_s42,neardraw,725,81,72,42
mean,0.8852826545550008,0.8030052319435237,0.3604411764705882,0.01,linear_then_last,neardraw_d3_s42,neardraw,725,81,72,42
eval_ai_dilemmas,0.9945934256055364,0.9558823529411764,0.0,0.01,linear_then_last,neardraw_d4_s42,neardraw,725,81,72,42
eval_ant_hh,0.6848964134551124,0.6119402985074627,0.0,0.01,linear_then_last,neardraw_d4_s42,neardraw,725,81,72,42
eval_balanced_refusal,0.94015,0.865,0.505,0.01,linear_then_last,neardraw_d4_s42,neardraw,725,81,72,42
eval_daily_dilemmas,0.9683985839233652,0.903061224489796,0.6530612244897959,0.01,linear_then_last,neardraw_d4_s42,neardraw,725,81,72,42
mean,0.8970096057460035,0.8339709689846087,0.2895153061224489,0.01,linear_then_last,neardraw_d4_s42,neardraw,725,81,72,42
eval_ai_dilemmas,0.985726643598616,0.9558823529411764,0.8088235294117647,0.01,linear_then_last,neardraw_d5_s42,neardraw,725,81,72,42
eval_ant_hh,0.7223212296725329,0.6492537313432836,0.0,0.01,linear_then_last,neardraw_d5_s42,neardraw,725,81,72,42
eval_balanced_refusal,0.9450125,0.8475,0.585,0.01,linear_then_last,neardraw_d5_s42,neardraw,725,81,72,42
eval_daily_dilemmas,0.9678259058725532,0.8673469387755102,0.6530612244897959,0.01,linear_then_last,neardraw_d5_s42,neardraw,725,81,72,42
mean,0.9052215697859256,0.8299957557649926,0.5117211884753902,0.01,linear_then_last,neardraw_d5_s42,neardraw,725,81,72,42
eval_ai_dilemmas,0.9915657439446368,0.875,0.9117647058823528,0.01,linear_then_last,neardraw_d6_s42,neardraw,725,81,72,42
eval_ant_hh,0.7007128536422367,0.5970149253731343,0.0,0.01,linear_then_last,neardraw_d6_s42,neardraw,725,81,72,42
eval_balanced_refusal,0.9292625,0.8525,0.46,0.01,linear_then_last,neardraw_d6_s42,neardraw,725,81,72,42
eval_daily_dilemmas,0.9738650562265724,0.9081632653061223,0.6632653061224489,0.01,linear_then_last,neardraw_d6_s42,neardraw,725,81,72,42
mean,0.8988515384533614,0.8081695476698142,0.5087575030012005,0.01,linear_then_last,neardraw_d6_s42,neardraw,725,81,72,42
eval_ai_dilemmas,0.993728373702422,0.8897058823529411,0.9558823529411764,0.01,linear_then_last,neardraw_d7_s42,neardraw,725,81,72,42
eval_ant_hh,0.707507239919804,0.6417910447761194,0.0,0.01,linear_then_last,neardraw_d7_s42,neardraw,725,81,72,42
eval_balanced_refusal,0.9046625,0.8325,0.0,0.01,linear_then_last,neardraw_d7_s42,neardraw,725,81,72,42
eval_daily_dilemmas,0.9613702623906704,0.8928571428571429,0.0,0.01,linear_then_last,neardraw_d7_s42,neardraw,725,81,72,42
mean,0.8918170940032242,0.8142135174965508,0.2389705882352941,0.01,linear_then_last,neardraw_d7_s42,neardraw,725,81,72,42
eval_ai_dilemmas,0.9939446366782008,0.9558823529411764,0.9117647058823528,0.01,linear_then_last,neardraw_d8_s42,neardraw,725,81,72,42
eval_ant_hh,0.7022722209846292,0.6119402985074627,0.0,0.01,linear_then_last,neardraw_d8_s42,neardraw,725,81,72,42
eval_balanced_refusal,0.92435,0.8475,0.515,0.01,linear_then_last,neardraw_d8_s42,neardraw,725,81,72,42
eval_daily_dilemmas,0.9592877967513536,0.8928571428571429,0.6530612244897959,0.01,linear_then_last,neardraw_d8_s42,neardraw,725,81,72,42
mean,0.8949636636035458,0.8270449485764455,0.5199564825930372,0.01,linear_then_last,neardraw_d8_s42,neardraw,725,81,72,42
eval_ai_dilemmas,0.9859429065743944,0.8382352941176471,0.8970588235294118,0.01,linear_then_last,neardraw_d9_s42,neardraw,725,81,72,42
eval_ant_hh,0.6936957006014702,0.6268656716417911,0.0,0.01,linear_then_last,neardraw_d9_s42,neardraw,725,81,72,42
eval_balanced_refusal,0.943,0.8675,0.53,0.01,linear_then_last,neardraw_d9_s42,neardraw,725,81,72,42
eval_daily_dilemmas,0.9465326947105374,0.8877551020408163,0.0,0.01,linear_then_last,neardraw_d9_s42,neardraw,725,81,72,42
mean,0.8922928254716006,0.8050890169500637,0.356764705882353,0.01,linear_then_last,neardraw_d9_s42,neardraw,725,81,72,42
eval_ai_dilemmas,0.6176470588235294,0.6176470588235294,0.0,0.01,linear_then_max,far_s101,far,725,81,72,101
eval_ant_hh,0.671864557807975,0.664179104477612,0.2388059701492537,0.01,linear_then_max,far_s101,far,725,81,72,101
eval_balanced_refusal,0.7325,0.7325,0.0,0.01,linear_then_max,far_s101,far,725,81,72,101
eval_daily_dilemmas,0.8889525197834235,0.8826530612244898,0.5816326530612245,0.01,linear_then_max,far_s101,far,725,81,72,101
mean,0.727741034103732,0.7242448061314078,0.2051096558026195,0.01,linear_then_max,far_s101,far,725,81,72,101
eval_ai_dilemmas,0.4927551903114187,0.5,0.0147058823529411,0.01,linear_then_max,far_s202,far,725,81,72,202
eval_ant_hh,0.6870126977055024,0.664179104477612,0.1641791044776119,0.01,linear_then_max,far_s202,far,725,81,72,202
eval_balanced_refusal,0.7075,0.7075,0.0,0.01,linear_then_max,far_s202,far,725,81,72,202
eval_daily_dilemmas,0.5960016659725115,0.5918367346938775,0.0,0.01,linear_then_max,far_s202,far,725,81,72,202
mean,0.6208173884973581,0.6158789597928724,0.0447212467076382,0.01,linear_then_max,far_s202,far,725,81,72,202
eval_ai_dilemmas,0.5,0.5,0.0,0.01,linear_then_max,far_s303,far,725,81,72,303
eval_ant_hh,0.5,0.5,0.0,0.01,linear_then_max,far_s303,far,725,81,72,303
eval_balanced_refusal,0.5,0.5,0.0,0.01,linear_then_max,far_s303,far,725,81,72,303
eval_daily_dilemmas,0.5,0.5,0.0,0.01,linear_then_max,far_s303,far,725,81,72,303
mean,0.5,0.5,0.0,0.01,linear_then_max,far_s303,far,725,81,72,303
eval_ai_dilemmas,0.5147058823529412,0.5220588235294118,0.0,0.01,linear_then_max,far_s404,far,725,81,72,404
eval_ant_hh,0.6768768099799509,0.6343283582089553,0.0,0.01,linear_then_max,far_s404,far,725,81,72,404
eval_balanced_refusal,0.77,0.77,0.0,0.01,linear_then_max,far_s404,far,725,81,72,404
eval_daily_dilemmas,0.7323511037067888,0.7295918367346939,0.0,0.01,linear_then_max,far_s404,far,725,81,72,404
mean,0.6734834490099203,0.6639947546182652,0.0,0.01,linear_then_max,far_s404,far,725,81,72,404
eval_ai_dilemmas,0.5514705882352942,0.5588235294117647,0.0,0.01,linear_then_max,far_s42,far,725,81,72,42
eval_ant_hh,0.6782134105591445,0.664179104477612,0.1791044776119403,0.01,linear_then_max,far_s42,far,725,81,72,42
eval_balanced_refusal,0.6950000000000001,0.695,0.0,0.01,linear_then_max,far_s42,far,725,81,72,42
eval_daily_dilemmas,0.8333506872136609,0.8316326530612245,0.0,0.01,linear_then_max,far_s42,far,725,81,72,42
mean,0.6895086715020249,0.6874088217376503,0.044776119402985,0.01,linear_then_max,far_s42,far,725,81,72,42
eval_ai_dilemmas,0.5808823529411765,0.5882352941176471,0.0,0.01,linear_then_max,full_s101,full,806,0,72,101
eval_ant_hh,0.7343506348852751,0.7014925373134329,0.0,0.01,linear_then_max,full_s101,full,806,0,72,101
eval_balanced_refusal,0.7761125,0.775,0.5,0.01,linear_then_max,full_s101,full,806,0,72,101
eval_daily_dilemmas,0.8849958350687213,0.8826530612244898,0.4897959183673469,0.01,linear_then_max,full_s101,full,806,0,72,101
mean,0.7440853307237932,0.7368452231638924,0.2474489795918367,0.01,linear_then_max,full_s101,full,806,0,72,101
eval_ai_dilemmas,0.5073529411764706,0.5147058823529411,0.0,0.01,linear_then_max,full_s202,full,806,0,72,202
eval_ant_hh,0.715638226776565,0.6940298507462687,0.0,0.01,linear_then_max,full_s202,full,806,0,72,202
eval_balanced_refusal,0.7424999999999999,0.7425,0.0,0.01,linear_then_max,full_s202,full,806,0,72,202
eval_daily_dilemmas,0.8354331528529779,0.8316326530612245,0.5510204081632653,0.01,linear_then_max,full_s202,full,806,0,72,202
mean,0.7002310802015033,0.6957170965401086,0.1377551020408163,0.01,linear_then_max,full_s202,full,806,0,72,202
eval_ai_dilemmas,0.5,0.5073529411764706,0.0147058823529411,0.01,linear_then_max,full_s303,full,806,0,72,303
eval_ant_hh,0.6992648696814436,0.6791044776119403,0.2238805970149253,0.01,linear_then_max,full_s303,full,806,0,72,303
eval_balanced_refusal,0.75,0.75,0.0,0.01,linear_then_max,full_s303,full,806,0,72,303
eval_daily_dilemmas,0.8006039150354018,0.7959183673469388,0.5612244897959183,0.01,linear_then_max,full_s303,full,806,0,72,303
mean,0.6874671961792114,0.6830939465338375,0.1999527422909462,0.01,linear_then_max,full_s303,full,806,0,72,303
eval_ai_dilemmas,0.5294117647058824,0.5367647058823529,0.0,0.01,linear_then_max,full_s404,full,806,0,72,404
eval_ant_hh,0.6560481176208509,0.6567164179104478,0.0,0.01,linear_then_max,full_s404,full,806,0,72,404
eval_balanced_refusal,0.7675000000000001,0.7675,0.0,0.01,linear_then_max,full_s404,full,806,0,72,404
eval_daily_dilemmas,0.7747813411078718,0.7704081632653061,0.4795918367346938,0.01,linear_then_max,full_s404,full,806,0,72,404
mean,0.6819353058586513,0.6828473217645268,0.1198979591836734,0.01,linear_then_max,full_s404,full,806,0,72,404
eval_ai_dilemmas,0.7964965397923877,0.7941176470588235,0.4705882352941176,0.01,linear_then_max,full_s42,full,806,0,72,42
eval_ant_hh,0.7533971931387837,0.7164179104477612,0.0,0.01,linear_then_max,full_s42,full,806,0,72,42
eval_balanced_refusal,0.8152999999999999,0.8125,0.63,0.01,linear_then_max,full_s42,full,806,0,72,42
eval_daily_dilemmas,0.9565285297792586,0.9489795918367347,0.7755102040816326,0.01,linear_then_max,full_s42,full,806,0,72,42
mean,0.8304305656776075,0.8180037873358299,0.4690246098439375,0.01,linear_then_max,full_s42,full,806,0,72,42
eval_ai_dilemmas,0.5147058823529411,0.5147058823529411,0.0,0.01,linear_then_max,near_s101,near,725,81,72,101
eval_ant_hh,0.6729783916239696,0.5970149253731343,0.2835820895522388,0.01,linear_then_max,near_s101,near,725,81,72,101
eval_balanced_refusal,0.7775000000000001,0.7775,0.0,0.01,linear_then_max,near_s101,near,725,81,72,101
eval_daily_dilemmas,0.90170762182424,0.8979591836734694,0.673469387755102,0.01,linear_then_max,near_s101,near,725,81,72,101
mean,0.7167229739502876,0.6967949978498862,0.2392628693268352,0.01,linear_then_max,near_s101,near,725,81,72,101
eval_ai_dilemmas,0.4926470588235294,0.5,0.0,0.01,linear_then_max,near_s202,near,725,81,72,202
eval_ant_hh,0.6313210069057698,0.5970149253731343,0.0,0.01,linear_then_max,near_s202,near,725,81,72,202
eval_balanced_refusal,0.735,0.735,0.0,0.01,linear_then_max,near_s202,near,725,81,72,202
eval_daily_dilemmas,0.6717513536026656,0.6683673469387755,0.0,0.01,linear_then_max,near_s202,near,725,81,72,202
mean,0.6326798548329913,0.6250955680779774,0.0,0.01,linear_then_max,near_s202,near,725,81,72,202
eval_ai_dilemmas,0.4926470588235294,0.5,0.0,0.01,linear_then_max,near_s303,near,725,81,72,303
eval_ant_hh,0.699599019826242,0.6865671641791045,0.0,0.01,linear_then_max,near_s303,near,725,81,72,303
eval_balanced_refusal,0.755,0.755,0.0,0.01,linear_then_max,near_s303,near,725,81,72,303
eval_daily_dilemmas,0.8413161182840483,0.8367346938775511,0.6326530612244898,0.01,linear_then_max,near_s303,near,725,81,72,303
mean,0.6971405492334549,0.694575464514164,0.1581632653061224,0.01,linear_then_max,near_s303,near,725,81,72,303
eval_ai_dilemmas,0.4926470588235294,0.5,0.0,0.01,linear_then_max,near_s404,near,725,81,72,404
eval_ant_hh,0.6928046335486746,0.6716417910447762,0.1641791044776119,0.01,linear_then_max,near_s404,near,725,81,72,404
eval_balanced_refusal,0.73,0.73,0.0,0.01,linear_then_max,near_s404,near,725,81,72,404
eval_daily_dilemmas,0.6263015410245731,0.6224489795918368,0.0,0.01,linear_then_max,near_s404,near,725,81,72,404
mean,0.6354383083491943,0.6310226926591532,0.0410447761194029,0.01,linear_then_max,near_s404,near,725,81,72,404
eval_ai_dilemmas,0.4926470588235294,0.5,0.0,0.01,linear_then_max,near_s42,near,725,81,72,42
eval_ant_hh,0.7019380708398306,0.6865671641791045,0.0,0.01,linear_then_max,near_s42,near,725,81,72,42
eval_balanced_refusal,0.765,0.765,0.0,0.01,linear_then_max,near_s42,near,725,81,72,42
eval_daily_dilemmas,0.6717513536026656,0.6683673469387755,0.0,0.01,linear_then_max,near_s42,near,725,81,72,42
mean,0.6578341208165064,0.65498362777947,0.0,0.01,linear_then_max,near_s42,near,725,81,72,42
eval_ai_dilemmas,0.816825259515571,0.8161764705882353,0.3676470588235294,0.01,linear_then_max,neardraw_d0_s101,neardraw,725,81,72,101
eval_ant_hh,0.6941412341278681,0.6417910447761194,0.0,0.01,linear_then_max,neardraw_d0_s101,neardraw,725,81,72,101
eval_balanced_refusal,0.8049999999999999,0.805,0.0,0.01,linear_then_max,neardraw_d0_s101,neardraw,725,81,72,101
eval_daily_dilemmas,0.8900978758850479,0.8826530612244898,0.6428571428571429,0.01,linear_then_max,neardraw_d0_s101,neardraw,725,81,72,101
mean,0.8015160923821217,0.7864051441472112,0.252626050420168,0.01,linear_then_max,neardraw_d0_s101,neardraw,725,81,72,101
eval_ai_dilemmas,0.4926470588235294,0.5,0.0,0.01,linear_then_max,neardraw_d0_s202,neardraw,725,81,72,202
eval_ant_hh,0.6842281131655157,0.664179104477612,0.0,0.01,linear_then_max,neardraw_d0_s202,neardraw,725,81,72,202
eval_balanced_refusal,0.75,0.75,0.0,0.01,linear_then_max,neardraw_d0_s202,neardraw,725,81,72,202
eval_daily_dilemmas,0.601051645147855,0.5969387755102041,0.0,0.01,linear_then_max,neardraw_d0_s202,neardraw,725,81,72,202
mean,0.6319817042842251,0.627779469996954,0.0,0.01,linear_then_max,neardraw_d0_s202,neardraw,725,81,72,202
eval_ai_dilemmas,0.5955882352941176,0.6029411764705882,0.0,0.01,linear_then_max,neardraw_d0_s303,neardraw,725,81,72,303
eval_ant_hh,0.7171975941189574,0.6791044776119403,0.0,0.01,linear_then_max,neardraw_d0_s303,neardraw,725,81,72,303
eval_balanced_refusal,0.7925,0.7925,0.0,0.01,linear_then_max,neardraw_d0_s303,neardraw,725,81,72,303
eval_daily_dilemmas,0.8737505206164099,0.8724489795918368,0.0,0.01,linear_then_max,neardraw_d0_s303,neardraw,725,81,72,303
mean,0.7447590875073712,0.7367486584185913,0.0,0.01,linear_then_max,neardraw_d0_s303,neardraw,725,81,72,303
eval_ai_dilemmas,0.5,0.5073529411764706,0.0,0.01,linear_then_max,neardraw_d0_s404,neardraw,725,81,72,404
eval_ant_hh,0.6861216306527065,0.664179104477612,0.0,0.01,linear_then_max,neardraw_d0_s404,neardraw,725,81,72,404
eval_balanced_refusal,0.8,0.8,0.0,0.01,linear_then_max,neardraw_d0_s404,neardraw,725,81,72,404
eval_daily_dilemmas,0.6212515618492295,0.6173469387755102,0.0,0.01,linear_then_max,neardraw_d0_s404,neardraw,725,81,72,404
mean,0.651843298125484,0.6472197461073982,0.0,0.01,linear_then_max,neardraw_d0_s404,neardraw,725,81,72,404
eval_ai_dilemmas,0.6323529411764706,0.6397058823529411,0.0,0.01,linear_then_max,neardraw_d0_s42,neardraw,725,81,72,42
eval_ant_hh,0.7224326130541323,0.6865671641791045,0.0,0.01,linear_then_max,neardraw_d0_s42,neardraw,725,81,72,42
eval_balanced_refusal,0.8049999999999999,0.805,0.0,0.01,linear_then_max,neardraw_d0_s42,neardraw,725,81,72,42
eval_daily_dilemmas,0.8586005830903791,0.8571428571428571,0.0,0.01,linear_then_max,neardraw_d0_s42,neardraw,725,81,72,42
mean,0.7545965343302455,0.7471039759187257,0.0,0.01,linear_then_max,neardraw_d0_s42,neardraw,725,81,72,42
eval_ai_dilemmas,0.5073529411764706,0.5147058823529411,0.0,0.01,linear_then_max,neardraw_d1_s42,neardraw,725,81,72,42
eval_ant_hh,0.7231009133437291,0.7164179104477612,0.0,0.01,linear_then_max,neardraw_d1_s42,neardraw,725,81,72,42
eval_balanced_refusal,0.7675000000000001,0.7675,0.0,0.01,linear_then_max,neardraw_d1_s42,neardraw,725,81,72,42
eval_daily_dilemmas,0.7877446897126197,0.7806122448979592,0.3775510204081632,0.01,linear_then_max,neardraw_d1_s42,neardraw,725,81,72,42
mean,0.6964246360582049,0.6948090094246654,0.0943877551020408,0.01,linear_then_max,neardraw_d1_s42,neardraw,725,81,72,42
eval_ai_dilemmas,0.5,0.5073529411764706,0.0,0.01,linear_then_max,neardraw_d2_s42,neardraw,725,81,72,42
eval_ant_hh,0.7254399643573178,0.7164179104477612,0.0,0.01,linear_then_max,neardraw_d2_s42,neardraw,725,81,72,42
eval_balanced_refusal,0.7725,0.7725,0.0,0.01,linear_then_max,neardraw_d2_s42,neardraw,725,81,72,42
eval_daily_dilemmas,0.861307788421491,0.8571428571428571,0.6326530612244898,0.01,linear_then_max,neardraw_d2_s42,neardraw,725,81,72,42
mean,0.7148119381947022,0.7133534271917722,0.1581632653061224,0.01,linear_then_max,neardraw_d2_s42,neardraw,725,81,72,42
eval_ai_dilemmas,0.4926470588235294,0.5,0.0,0.01,linear_then_max,neardraw_d3_s42,neardraw,725,81,72,42
eval_ant_hh,0.6762085096903543,0.6417910447761194,0.0,0.01,linear_then_max,neardraw_d3_s42,neardraw,725,81,72,42
eval_balanced_refusal,0.7975,0.7975,0.0,0.01,linear_then_max,neardraw_d3_s42,neardraw,725,81,72,42
eval_daily_dilemmas,0.8000312369845897,0.7959183673469388,0.2551020408163265,0.01,linear_then_max,neardraw_d3_s42,neardraw,725,81,72,42
mean,0.6915967013746183,0.6838023530307644,0.0637755102040816,0.01,linear_then_max,neardraw_d3_s42,neardraw,725,81,72,42
eval_ai_dilemmas,0.5,0.5073529411764706,0.0,0.01,linear_then_max,neardraw_d4_s42,neardraw,725,81,72,42
eval_ant_hh,0.7228781465805301,0.6716417910447762,0.0,0.01,linear_then_max,neardraw_d4_s42,neardraw,725,81,72,42
eval_balanced_refusal,0.8111875000000001,0.81,0.55,0.01,linear_then_max,neardraw_d4_s42,neardraw,725,81,72,42
eval_daily_dilemmas,0.8742190753852561,0.8673469387755102,0.5612244897959183,0.01,linear_then_max,neardraw_d4_s42,neardraw,725,81,72,42
mean,0.7270711804914465,0.7140854177491892,0.2778061224489796,0.01,linear_then_max,neardraw_d4_s42,neardraw,725,81,72,42
eval_ai_dilemmas,0.5073529411764706,0.5147058823529411,0.0,0.01,linear_then_max,neardraw_d5_s42,neardraw,725,81,72,42
eval_ant_hh,0.6303185564713745,0.6119402985074627,0.0,0.01,linear_then_max,neardraw_d5_s42,neardraw,725,81,72,42
eval_balanced_refusal,0.73,0.73,0.0,0.01,linear_then_max,neardraw_d5_s42,neardraw,725,81,72,42
eval_daily_dilemmas,0.6162015826738859,0.6122448979591837,0.0,0.01,linear_then_max,neardraw_d5_s42,neardraw,725,81,72,42
mean,0.6209682700804328,0.6172227697048969,0.0,0.01,linear_then_max,neardraw_d5_s42,neardraw,725,81,72,42
eval_ai_dilemmas,0.5002162629757785,0.5073529411764706,0.0294117647058823,0.01,linear_then_max,neardraw_d6_s42,neardraw,725,81,72,42
eval_ant_hh,0.6352194252617509,0.6194029850746269,0.0,0.01,linear_then_max,neardraw_d6_s42,neardraw,725,81,72,42
eval_balanced_refusal,0.7575000000000001,0.7575,0.0,0.01,linear_then_max,neardraw_d6_s42,neardraw,725,81,72,42
eval_daily_dilemmas,0.6018846314035818,0.5969387755102041,0.1938775510204081,0.01,linear_then_max,neardraw_d6_s42,neardraw,725,81,72,42
mean,0.6237050799102778,0.6202986754403254,0.0558223289315726,0.01,linear_then_max,neardraw_d6_s42,neardraw,725,81,72,42
eval_ai_dilemmas,0.5588235294117647,0.5661764705882353,0.0,0.01,linear_then_max,neardraw_d7_s42,neardraw,725,81,72,42
eval_ant_hh,0.7153040766317664,0.6791044776119403,0.0,0.01,linear_then_max,neardraw_d7_s42,neardraw,725,81,72,42
eval_balanced_refusal,0.8275,0.8275,0.0,0.01,linear_then_max,neardraw_d7_s42,neardraw,725,81,72,42
eval_daily_dilemmas,0.889264889629321,0.8877551020408163,0.3469387755102041,0.01,linear_then_max,neardraw_d7_s42,neardraw,725,81,72,42
mean,0.747723123918213,0.740134012560248,0.086734693877551,0.01,linear_then_max,neardraw_d7_s42,neardraw,725,81,72,42
eval_ai_dilemmas,0.5588235294117647,0.5661764705882353,0.0,0.01,linear_then_max,neardraw_d8_s42,neardraw,725,81,72,42
eval_ant_hh,0.7262196480285142,0.7089552238805971,0.0,0.01,linear_then_max,neardraw_d8_s42,neardraw,725,81,72,42
eval_balanced_refusal,0.7825,0.7825,0.0,0.01,linear_then_max,neardraw_d8_s42,neardraw,725,81,72,42
eval_daily_dilemmas,0.9012390670553936,0.8979591836734694,0.5204081632653061,0.01,linear_then_max,neardraw_d8_s42,neardraw,725,81,72,42
mean,0.7421955611239182,0.7388977195355755,0.1301020408163265,0.01,linear_then_max,neardraw_d8_s42,neardraw,725,81,72,42
eval_ai_dilemmas,0.5955882352941176,0.6029411764705882,0.0,0.01,linear_then_max,neardraw_d9_s42,neardraw,725,81,72,42
eval_ant_hh,0.6546001336600579,0.6417910447761194,0.0,0.01,linear_then_max,neardraw_d9_s42,neardraw,725,81,72,42
eval_balanced_refusal,0.73,0.73,0.0,0.01,linear_then_max,neardraw_d9_s42,neardraw,725,81,72,42
eval_daily_dilemmas,0.8434506455643482,0.8418367346938775,0.0,0.01,linear_then_max,neardraw_d9_s42,neardraw,725,81,72,42
mean,0.7059097536296309,0.7041422389851463,0.0,0.01,linear_then_max,neardraw_d9_s42,neardraw,725,81,72,42
eval_ai_dilemmas,0.6332179930795848,0.5073529411764706,0.0,0.01,linear_then_mean,far_s101,far,725,81,72,101
eval_ant_hh,0.784361773223435,0.7164179104477612,0.0,0.01,linear_then_mean,far_s101,far,725,81,72,101
eval_balanced_refusal,0.8691249999999999,0.7725,0.0,0.01,linear_then_mean,far_s101,far,725,81,72,101
eval_daily_dilemmas,0.8125780924614745,0.7091836734693877,0.1428571428571428,0.01,linear_then_mean,far_s101,far,725,81,72,101
mean,0.7748207146911235,0.6763636312734048,0.0357142857142857,0.01,linear_then_mean,far_s101,far,725,81,72,101
eval_ai_dilemmas,0.6275951557093425,0.5073529411764706,0.0,0.01,linear_then_mean,far_s202,far,725,81,72,202
eval_ant_hh,0.7786812207618623,0.7014925373134329,0.0,0.01,linear_then_mean,far_s202,far,725,81,72,202
eval_balanced_refusal,0.8719875,0.7575,0.29,0.01,linear_then_mean,far_s202,far,725,81,72,202
eval_daily_dilemmas,0.8104435651811744,0.7040816326530612,0.1428571428571428,0.01,linear_then_mean,far_s202,far,725,81,72,202
mean,0.7721768604130949,0.6676067777857411,0.1082142857142857,0.01,linear_then_mean,far_s202,far,725,81,72,202
eval_ai_dilemmas,0.6299740484429066,0.5073529411764706,0.0,0.01,linear_then_mean,far_s303,far,725,81,72,303
eval_ant_hh,0.7706616172867008,0.6865671641791045,0.0,0.01,linear_then_mean,far_s303,far,725,81,72,303
eval_balanced_refusal,0.87335,0.7725,0.0,0.01,linear_then_mean,far_s303,far,725,81,72,303
eval_daily_dilemmas,0.8117451062057475,0.6989795918367347,0.0,0.01,linear_then_mean,far_s303,far,725,81,72,303
mean,0.7714326929838387,0.6663499242980775,0.0,0.01,linear_then_mean,far_s303,far,725,81,72,303
eval_ai_dilemmas,0.6277032871972319,0.5073529411764706,0.0,0.01,linear_then_mean,far_s404,far,725,81,72,404
eval_ant_hh,0.7844731566050346,0.7238805970149254,0.0,0.01,linear_then_mean,far_s404,far,725,81,72,404
eval_balanced_refusal,0.8686249999999999,0.775,0.0,0.01,linear_then_mean,far_s404,far,725,81,72,404
eval_daily_dilemmas,0.810860058309038,0.6989795918367347,0.1530612244897959,0.01,linear_then_mean,far_s404,far,725,81,72,404
mean,0.7729153755278261,0.6763032825070326,0.0382653061224489,0.01,linear_then_mean,far_s404,far,725,81,72,404
eval_ai_dilemmas,0.6224048442906575,0.5,0.0,0.01,linear_then_mean,far_s42,far,725,81,72,42
eval_ant_hh,0.7806861216306527,0.7089552238805971,0.0,0.01,linear_then_mean,far_s42,far,725,81,72,42
eval_balanced_refusal,0.869475,0.7675,0.0,0.01,linear_then_mean,far_s42,far,725,81,72,42
eval_daily_dilemmas,0.8113286130778843,0.6938775510204082,0.0,0.01,linear_then_mean,far_s42,far,725,81,72,42
mean,0.7709736447497986,0.6675831937252513,0.0,0.01,linear_then_mean,far_s42,far,725,81,72,42
eval_ai_dilemmas,0.626189446366782,0.5073529411764706,0.0,0.01,linear_then_mean,full_s101,full,806,0,72,101
eval_ant_hh,0.7961684116729784,0.7238805970149254,0.0,0.01,linear_then_mean,full_s101,full,806,0,72,101
eval_balanced_refusal,0.8740625,0.7825,0.0,0.01,linear_then_mean,full_s101,full,806,0,72,101
eval_daily_dilemmas,0.7942523948354853,0.7040816326530612,0.0,0.01,linear_then_mean,full_s101,full,806,0,72,101
mean,0.7726681882188114,0.6794537927111142,0.0,0.01,linear_then_mean,full_s101,full,806,0,72,101
eval_ai_dilemmas,0.6323529411764706,0.5073529411764706,0.0,0.01,linear_then_mean,full_s202,full,806,0,72,202
eval_ant_hh,0.7993985297393629,0.7089552238805971,0.0,0.01,linear_then_mean,full_s202,full,806,0,72,202
eval_balanced_refusal,0.8754375,0.7825,0.0,0.01,linear_then_mean,full_s202,full,806,0,72,202
eval_daily_dilemmas,0.7998229904206581,0.6989795918367347,0.0,0.01,linear_then_mean,full_s202,full,806,0,72,202
mean,0.7767529903341229,0.6744469392234507,0.0,0.01,linear_then_mean,full_s202,full,806,0,72,202
eval_ai_dilemmas,0.6264057093425606,0.5,0.0,0.01,linear_then_mean,full_s303,full,806,0,72,303
eval_ant_hh,0.8001782134105591,0.7238805970149254,0.0,0.01,linear_then_mean,full_s303,full,806,0,72,303
eval_balanced_refusal,0.8693875,0.7675,0.0,0.01,linear_then_mean,full_s303,full,806,0,72,303
eval_daily_dilemmas,0.796491045397751,0.6938775510204082,0.0,0.01,linear_then_mean,full_s303,full,806,0,72,303
mean,0.7731156170377176,0.6713145370088334,0.0,0.01,linear_then_mean,full_s303,full,806,0,72,303
eval_ai_dilemmas,0.6302984429065743,0.5073529411764706,0.0,0.01,linear_then_mean,full_s404,full,806,0,72,404
eval_ant_hh,0.7993985297393629,0.6940298507462687,0.0,0.01,linear_then_mean,full_s404,full,806,0,72,404
eval_balanced_refusal,0.87685,0.785,0.0,0.01,linear_then_mean,full_s404,full,806,0,72,404
eval_daily_dilemmas,0.7880570595585172,0.6989795918367347,0.0,0.01,linear_then_mean,full_s404,full,806,0,72,404
mean,0.7736510080511136,0.6713405959398685,0.0,0.01,linear_then_mean,full_s404,full,806,0,72,404
eval_ai_dilemmas,0.6275951557093425,0.5,0.0,0.01,linear_then_mean,full_s42,full,806,0,72,42
eval_ant_hh,0.7922699933169971,0.7014925373134329,0.0,0.01,linear_then_mean,full_s42,full,806,0,72,42
eval_balanced_refusal,0.8744625,0.7725,0.0,0.01,linear_then_mean,full_s42,full,806,0,72,42
eval_daily_dilemmas,0.7983132028321532,0.7142857142857143,0.0,0.01,linear_then_mean,full_s42,full,806,0,72,42
mean,0.7731602129646232,0.6720695628997868,0.0,0.01,linear_then_mean,full_s42,full,806,0,72,42
eval_ai_dilemmas,0.6288927335640138,0.5,0.0,0.01,linear_then_mean,near_s101,near,725,81,72,101
eval_ant_hh,0.7996212965025619,0.7089552238805971,0.0,0.01,linear_then_mean,near_s101,near,725,81,72,101
eval_balanced_refusal,0.8708499999999999,0.7725,0.28,0.01,linear_then_mean,near_s101,near,725,81,72,101
eval_daily_dilemmas,0.8029987505206163,0.7142857142857143,0.0,0.01,linear_then_mean,near_s101,near,725,81,72,101
mean,0.775590695146798,0.6739352345415779,0.07,0.01,linear_then_mean,near_s101,near,725,81,72,101
eval_ai_dilemmas,0.6171064013840831,0.5,0.0,0.01,linear_then_mean,near_s202,near,725,81,72,202
eval_ant_hh,0.7921586099353977,0.7089552238805971,0.0,0.01,linear_then_mean,near_s202,near,725,81,72,202
eval_balanced_refusal,0.8763249999999999,0.785,0.31,0.01,linear_then_mean,near_s202,near,725,81,72,202
eval_daily_dilemmas,0.8006039150354018,0.6989795918367347,0.0,0.01,linear_then_mean,near_s202,near,725,81,72,202
mean,0.7715484815887207,0.673233703929333,0.0775,0.01,linear_then_mean,near_s202,near,725,81,72,202
eval_ai_dilemmas,0.6287846020761245,0.5,0.0,0.01,linear_then_mean,near_s303,near,725,81,72,303
eval_ant_hh,0.7967253285809757,0.7164179104477612,0.0,0.01,linear_then_mean,near_s303,near,725,81,72,303
eval_balanced_refusal,0.8734999999999999,0.7775,0.0,0.01,linear_then_mean,near_s303,near,725,81,72,303
eval_daily_dilemmas,0.8026863806747189,0.7040816326530612,0.0,0.01,linear_then_mean,near_s303,near,725,81,72,303
mean,0.7754240778329548,0.6744998857752056,0.0,0.01,linear_then_mean,near_s303,near,725,81,72,303
eval_ai_dilemmas,0.6275951557093425,0.5,0.0,0.01,linear_then_mean,near_s404,near,725,81,72,404
eval_ant_hh,0.7913789262642014,0.7313432835820896,0.0,0.01,linear_then_mean,near_s404,near,725,81,72,404
eval_balanced_refusal,0.8797250000000001,0.79,0.28,0.01,linear_then_mean,near_s404,near,725,81,72,404
eval_daily_dilemmas,0.7989900041649313,0.7040816326530612,0.0,0.01,linear_then_mean,near_s404,near,725,81,72,404
mean,0.7744222715346188,0.6813562290587878,0.07,0.01,linear_then_mean,near_s404,near,725,81,72,404
eval_ai_dilemmas,0.6245674740484429,0.5,0.0,0.01,linear_then_mean,near_s42,near,725,81,72,42
eval_ant_hh,0.7882601915794164,0.7164179104477612,0.0,0.01,linear_then_mean,near_s42,near,725,81,72,42
eval_balanced_refusal,0.8704999999999999,0.775,0.0,0.01,linear_then_mean,near_s42,near,725,81,72,42
eval_daily_dilemmas,0.7995626822157436,0.7040816326530612,0.0,0.01,linear_then_mean,near_s42,near,725,81,72,42
mean,0.7707225869609007,0.6738748857752055,0.0,0.01,linear_then_mean,near_s42,near,725,81,72,42
eval_ai_dilemmas,0.6368944636678201,0.5,0.0,0.01,linear_then_mean,neardraw_d0_s101,neardraw,725,81,72,101
eval_ant_hh,0.7952773446201827,0.6940298507462687,0.0,0.01,linear_then_mean,neardraw_d0_s101,neardraw,725,81,72,101
eval_balanced_refusal,0.8780375,0.7875,0.0,0.01,linear_then_mean,neardraw_d0_s101,neardraw,725,81,72,101
eval_daily_dilemmas,0.8085693461057892,0.7040816326530612,0.0,0.01,linear_then_mean,neardraw_d0_s101,neardraw,725,81,72,101
mean,0.779694663598448,0.6714028708498325,0.0,0.01,linear_then_mean,neardraw_d0_s101,neardraw,725,81,72,101
eval_ai_dilemmas,0.632893598615917,0.5,0.0,0.01,linear_then_mean,neardraw_d0_s202,neardraw,725,81,72,202
eval_ant_hh,0.7963911784361773,0.7089552238805971,0.0,0.01,linear_then_mean,neardraw_d0_s202,neardraw,725,81,72,202
eval_balanced_refusal,0.8829375,0.79,0.0,0.01,linear_then_mean,neardraw_d0_s202,neardraw,725,81,72,202
eval_daily_dilemmas,0.8041961682632236,0.6938775510204082,0.0,0.01,linear_then_mean,neardraw_d0_s202,neardraw,725,81,72,202
mean,0.7791046113288295,0.6732081937252513,0.0,0.01,linear_then_mean,neardraw_d0_s202,neardraw,725,81,72,202
eval_ai_dilemmas,0.6405709342560555,0.5,0.0,0.01,linear_then_mean,neardraw_d0_s303,neardraw,725,81,72,303
eval_ant_hh,0.7981733125417688,0.7089552238805971,0.0,0.01,linear_then_mean,neardraw_d0_s303,neardraw,725,81,72,303
eval_balanced_refusal,0.877825,0.7875,0.0,0.01,linear_then_mean,neardraw_d0_s303,neardraw,725,81,72,303
eval_daily_dilemmas,0.8031549354435652,0.7091836734693877,0.0,0.01,linear_then_mean,neardraw_d0_s303,neardraw,725,81,72,303
mean,0.7799310455603474,0.6764097243374962,0.0,0.01,linear_then_mean,neardraw_d0_s303,neardraw,725,81,72,303
eval_ai_dilemmas,0.6290008650519032,0.5,0.0,0.01,linear_then_mean,neardraw_d0_s404,neardraw,725,81,72,404
eval_ant_hh,0.7959456449097795,0.6940298507462687,0.0,0.01,linear_then_mean,neardraw_d0_s404,neardraw,725,81,72,404
eval_balanced_refusal,0.8831749999999999,0.79,0.36,0.01,linear_then_mean,neardraw_d0_s404,neardraw,725,81,72,404
eval_daily_dilemmas,0.7986776343190337,0.7142857142857143,0.0,0.01,linear_then_mean,neardraw_d0_s404,neardraw,725,81,72,404
mean,0.7766997860701791,0.6745788912579957,0.09,0.01,linear_then_mean,neardraw_d0_s404,neardraw,725,81,72,404
eval_ai_dilemmas,0.6287846020761245,0.5,0.0,0.01,linear_then_mean,neardraw_d0_s42,neardraw,725,81,72,42
eval_ant_hh,0.7944976609489863,0.7089552238805971,0.0,0.01,linear_then_mean,neardraw_d0_s42,neardraw,725,81,72,42
eval_balanced_refusal,0.8764125,0.7875,0.0,0.01,linear_then_mean,neardraw_d0_s42,neardraw,725,81,72,42
eval_daily_dilemmas,0.8014889629321116,0.6938775510204082,0.0,0.01,linear_then_mean,neardraw_d0_s42,neardraw,725,81,72,42
mean,0.7752959314893058,0.6725831937252513,0.0,0.01,linear_then_mean,neardraw_d0_s42,neardraw,725,81,72,42
eval_ai_dilemmas,0.6410034602076125,0.5,0.0,0.01,linear_then_mean,neardraw_d1_s42,neardraw,725,81,72,42
eval_ant_hh,0.7815771886834484,0.7089552238805971,0.0,0.01,linear_then_mean,neardraw_d1_s42,neardraw,725,81,72,42
eval_balanced_refusal,0.8842125,0.7925,0.315,0.01,linear_then_mean,neardraw_d1_s42,neardraw,725,81,72,42
eval_daily_dilemmas,0.7945647646813827,0.6887755102040817,0.0,0.01,linear_then_mean,neardraw_d1_s42,neardraw,725,81,72,42
mean,0.7753394783931109,0.6725576835211697,0.07875,0.01,linear_then_mean,neardraw_d1_s42,neardraw,725,81,72,42
eval_ai_dilemmas,0.6315960207612457,0.5,0.0,0.01,linear_then_mean,neardraw_d2_s42,neardraw,725,81,72,42
eval_ant_hh,0.8045221652929383,0.7089552238805971,0.0,0.01,linear_then_mean,neardraw_d2_s42,neardraw,725,81,72,42
eval_balanced_refusal,0.8855624999999999,0.785,0.365,0.01,linear_then_mean,neardraw_d2_s42,neardraw,725,81,72,42
eval_daily_dilemmas,0.8075281132861308,0.7091836734693877,0.0,0.01,linear_then_mean,neardraw_d2_s42,neardraw,725,81,72,42
mean,0.7823021998350786,0.6757847243374963,0.09125,0.01,linear_then_mean,neardraw_d2_s42,neardraw,725,81,72,42
eval_ai_dilemmas,0.651492214532872,0.5073529411764706,0.0,0.01,linear_then_mean,neardraw_d3_s42,neardraw,725,81,72,42
eval_ant_hh,0.7916016930274002,0.746268656716418,0.0,0.01,linear_then_mean,neardraw_d3_s42,neardraw,725,81,72,42
eval_balanced_refusal,0.888025,0.8025,0.365,0.01,linear_then_mean,neardraw_d3_s42,neardraw,725,81,72,42
eval_daily_dilemmas,0.8049770928779675,0.7142857142857143,0.0,0.01,linear_then_mean,neardraw_d3_s42,neardraw,725,81,72,42
mean,0.78402400010956,0.6926018280446506,0.09125,0.01,linear_then_mean,neardraw_d3_s42,neardraw,725,81,72,42
eval_ai_dilemmas,0.6322448096885813,0.5073529411764706,0.0,0.01,linear_then_mean,neardraw_d4_s42,neardraw,725,81,72,42
eval_ant_hh,0.7965025618177767,0.7164179104477612,0.0,0.01,linear_then_mean,neardraw_d4_s42,neardraw,725,81,72,42
eval_balanced_refusal,0.8856125,0.7875,0.0,0.01,linear_then_mean,neardraw_d4_s42,neardraw,725,81,72,42
eval_daily_dilemmas,0.80804872969596,0.7193877551020408,0.0,0.01,linear_then_mean,neardraw_d4_s42,neardraw,725,81,72,42
mean,0.7806021503005796,0.6826646516815681,0.0,0.01,linear_then_mean,neardraw_d4_s42,neardraw,725,81,72,42
eval_ai_dilemmas,0.6390570934256056,0.5220588235294118,0.0,0.01,linear_then_mean,neardraw_d5_s42,neardraw,725,81,72,42
eval_ant_hh,0.7777901537090667,0.7089552238805971,0.0,0.01,linear_then_mean,neardraw_d5_s42,neardraw,725,81,72,42
eval_balanced_refusal,0.88635,0.7825,0.34,0.01,linear_then_mean,neardraw_d5_s42,neardraw,725,81,72,42
eval_daily_dilemmas,0.8003956684714703,0.7091836734693877,0.0918367346938775,0.01,linear_then_mean,neardraw_d5_s42,neardraw,725,81,72,42
mean,0.7758982289015356,0.6806744302198492,0.1079591836734693,0.01,linear_then_mean,neardraw_d5_s42,neardraw,725,81,72,42
eval_ai_dilemmas,0.6398140138408305,0.5,0.0,0.01,linear_then_mean,neardraw_d6_s42,neardraw,725,81,72,42
eval_ant_hh,0.7917130764089999,0.7089552238805971,0.0,0.01,linear_then_mean,neardraw_d6_s42,neardraw,725,81,72,42
eval_balanced_refusal,0.875475,0.775,0.325,0.01,linear_then_mean,neardraw_d6_s42,neardraw,725,81,72,42
eval_daily_dilemmas,0.8054977092877967,0.6938775510204082,0.0,0.01,linear_then_mean,neardraw_d6_s42,neardraw,725,81,72,42
mean,0.7781249498844068,0.6694581937252513,0.08125,0.01,linear_then_mean,neardraw_d6_s42,neardraw,725,81,72,42
eval_ai_dilemmas,0.6162413494809689,0.5,0.0,0.01,linear_then_mean,neardraw_d7_s42,neardraw,725,81,72,42
eval_ant_hh,0.7845845399866341,0.7164179104477612,0.0,0.01,linear_then_mean,neardraw_d7_s42,neardraw,725,81,72,42
eval_balanced_refusal,0.8823375,0.79,0.335,0.01,linear_then_mean,neardraw_d7_s42,neardraw,725,81,72,42
eval_daily_dilemmas,0.8041961682632236,0.6989795918367347,0.0,0.01,linear_then_mean,neardraw_d7_s42,neardraw,725,81,72,42
mean,0.7718398894327066,0.676349375571124,0.08375,0.01,linear_then_mean,neardraw_d7_s42,neardraw,725,81,72,42
eval_ai_dilemmas,0.6336505190311418,0.5,0.0,0.01,linear_then_mean,neardraw_d8_s42,neardraw,725,81,72,42
eval_ant_hh,0.7758966362218757,0.7164179104477612,0.0,0.01,linear_then_mean,neardraw_d8_s42,neardraw,725,81,72,42
eval_balanced_refusal,0.8821625,0.795,0.0,0.01,linear_then_mean,neardraw_d8_s42,neardraw,725,81,72,42
eval_daily_dilemmas,0.8158059142024157,0.7295918367346939,0.0,0.01,linear_then_mean,neardraw_d8_s42,neardraw,725,81,72,42
mean,0.7768788923638582,0.6852524367956137,0.0,0.01,linear_then_mean,neardraw_d8_s42,neardraw,725,81,72,42
eval_ai_dilemmas,0.6188365051903114,0.5,0.0,0.01,linear_then_mean,neardraw_d9_s42,neardraw,725,81,72,42
eval_ant_hh,0.7979505457785699,0.7313432835820896,0.0,0.01,linear_then_mean,neardraw_d9_s42,neardraw,725,81,72,42
eval_balanced_refusal,0.873675,0.7725,0.285,0.01,linear_then_mean,neardraw_d9_s42,neardraw,725,81,72,42
eval_daily_dilemmas,0.7966472303206997,0.7040816326530612,0.0,0.01,linear_then_mean,neardraw_d9_s42,neardraw,725,81,72,42
mean,0.7717773203223952,0.6769812290587878,0.07125,0.01,linear_then_mean,neardraw_d9_s42,neardraw,725,81,72,42
eval_ai_dilemmas,0.6828503460207613,0.6911764705882353,0.0,0.01,linear_then_rolling_max,far_s101,far,725,81,72,101
eval_ant_hh,0.7306749832924928,0.6492537313432836,0.0,0.01,linear_then_rolling_max,far_s101,far,725,81,72,101
eval_balanced_refusal,0.9246,0.925,0.35,0.01,linear_then_rolling_max,far_s101,far,725,81,72,101
eval_daily_dilemmas,0.9065493544356518,0.8724489795918368,0.4897959183673469,0.01,linear_then_rolling_max,far_s101,far,725,81,72,101
mean,0.8111686709372266,0.7844697953808389,0.2099489795918367,0.01,linear_then_rolling_max,far_s101,far,725,81,72,101
eval_ai_dilemmas,0.6363538062283738,0.7058823529411765,0.4264705882352941,0.01,linear_then_rolling_max,far_s202,far,725,81,72,202
eval_ant_hh,0.7428157718868345,0.7014925373134329,0.1791044776119403,0.01,linear_then_rolling_max,far_s202,far,725,81,72,202
eval_balanced_refusal,0.8629249999999999,0.8625,0.45,0.01,linear_then_rolling_max,far_s202,far,725,81,72,202
eval_daily_dilemmas,0.8608912952936276,0.8010204081632653,0.4591836734693877,0.01,linear_then_rolling_max,far_s202,far,725,81,72,202
mean,0.7757464683522088,0.7677238246044686,0.3786896848291555,0.01,linear_then_rolling_max,far_s202,far,725,81,72,202
eval_ai_dilemmas,0.6698745674740484,0.7205882352941176,0.4411764705882353,0.01,linear_then_rolling_max,far_s303,far,725,81,72,303
eval_ant_hh,0.7055023390510136,0.6119402985074627,0.1343283582089552,0.01,linear_then_rolling_max,far_s303,far,725,81,72,303
eval_balanced_refusal,0.8877,0.8875,0.43,0.01,linear_then_rolling_max,far_s303,far,725,81,72,303
eval_daily_dilemmas,0.8925968346522283,0.8571428571428571,0.4285714285714285,0.01,linear_then_rolling_max,far_s303,far,725,81,72,303
mean,0.7889184352943226,0.7692928477361093,0.3585190643421547,0.01,linear_then_rolling_max,far_s303,far,725,81,72,303
eval_ai_dilemmas,0.6482482698961938,0.7132352941176471,0.0,0.01,linear_then_rolling_max,far_s404,far,725,81,72,404
eval_ant_hh,0.7196480285141457,0.6417910447761194,0.0,0.01,linear_then_rolling_max,far_s404,far,725,81,72,404
eval_balanced_refusal,0.865,0.865,0.0,0.01,linear_then_rolling_max,far_s404,far,725,81,72,404
eval_daily_dilemmas,0.8975426905456059,0.8673469387755102,0.5816326530612245,0.01,linear_then_rolling_max,far_s404,far,725,81,72,404
mean,0.7826097472389864,0.7718433194173191,0.1454081632653061,0.01,linear_then_rolling_max,far_s404,far,725,81,72,404
eval_ai_dilemmas,0.6534385813148789,0.6985294117647058,0.4264705882352941,0.01,linear_then_rolling_max,far_s42,far,725,81,72,42
eval_ant_hh,0.7167520605925597,0.6044776119402985,0.2388059701492537,0.01,linear_then_rolling_max,far_s42,far,725,81,72,42
eval_balanced_refusal,0.888275,0.8875,0.545,0.01,linear_then_rolling_max,far_s42,far,725,81,72,42
eval_daily_dilemmas,0.8736463973344439,0.826530612244898,0.3979591836734694,0.01,linear_then_rolling_max,far_s42,far,725,81,72,42
mean,0.7830280098104706,0.7542594089874756,0.4020589355145043,0.01,linear_then_rolling_max,far_s42,far,725,81,72,42
eval_ai_dilemmas,0.6516003460207612,0.6838235294117647,0.4264705882352941,0.01,linear_then_rolling_max,full_s101,full,806,0,72,101
eval_ant_hh,0.7345734016484741,0.6716417910447762,0.0,0.01,linear_then_rolling_max,full_s101,full,806,0,72,101
eval_balanced_refusal,0.869375,0.87,0.25,0.01,linear_then_rolling_max,full_s101,full,806,0,72,101
eval_daily_dilemmas,0.8971261974177426,0.8520408163265306,0.4183673469387755,0.01,linear_then_rolling_max,full_s101,full,806,0,72,101
mean,0.7881687362717444,0.7693765341957679,0.2737094837935174,0.01,linear_then_rolling_max,full_s101,full,806,0,72,101
eval_ai_dilemmas,0.6607915224913495,0.6985294117647058,0.4264705882352941,0.01,linear_then_rolling_max,full_s202,full,806,0,72,202
eval_ant_hh,0.7177545110269548,0.5671641791044776,0.2388059701492537,0.01,linear_then_rolling_max,full_s202,full,806,0,72,202
eval_balanced_refusal,0.9184375,0.92,0.22,0.01,linear_then_rolling_max,full_s202,full,806,0,72,202
eval_daily_dilemmas,0.894835485214494,0.8367346938775511,0.4285714285714285,0.01,linear_then_rolling_max,full_s202,full,806,0,72,202
mean,0.7979547546831995,0.7556070711866836,0.328461996738994,0.01,linear_then_rolling_max,full_s202,full,806,0,72,202
eval_ai_dilemmas,0.6671712802768166,0.6911764705882353,0.0,0.01,linear_then_rolling_max,full_s303,full,806,0,72,303
eval_ant_hh,0.7264424147917131,0.6492537313432836,0.2388059701492537,0.01,linear_then_rolling_max,full_s303,full,806,0,72,303
eval_balanced_refusal,0.9046375,0.905,0.335,0.01,linear_then_rolling_max,full_s303,full,806,0,72,303
eval_daily_dilemmas,0.8830174927113703,0.8469387755102041,0.3673469387755102,0.01,linear_then_rolling_max,full_s303,full,806,0,72,303
mean,0.795317171944975,0.7730922443604308,0.2352882272311909,0.01,linear_then_rolling_max,full_s303,full,806,0,72,303
eval_ai_dilemmas,0.6404628027681661,0.7132352941176471,0.0,0.01,linear_then_rolling_max,full_s404,full,806,0,72,404
eval_ant_hh,0.7087324571173981,0.6417910447761194,0.208955223880597,0.01,linear_then_rolling_max,full_s404,full,806,0,72,404
eval_balanced_refusal,0.85,0.85,0.0,0.01,linear_then_rolling_max,full_s404,full,806,0,72,404
eval_daily_dilemmas,0.8637026239067055,0.8316326530612245,0.3265306122448979,0.01,linear_then_rolling_max,full_s404,full,806,0,72,404
mean,0.7657244709480674,0.7591647479887478,0.1338714590313737,0.01,linear_then_rolling_max,full_s404,full,806,0,72,404
eval_ai_dilemmas,0.6591695501730104,0.6985294117647058,0.3823529411764705,0.01,linear_then_rolling_max,full_s42,full,806,0,72,42
eval_ant_hh,0.7080641568278012,0.5970149253731343,0.0,0.01,linear_then_rolling_max,full_s42,full,806,0,72,42
eval_balanced_refusal,0.9017125,0.9025,0.27,0.01,linear_then_rolling_max,full_s42,full,806,0,72,42
eval_daily_dilemmas,0.8957725947521865,0.8520408163265306,0.4795918367346938,0.01,linear_then_rolling_max,full_s42,full,806,0,72,42
mean,0.7911797004382496,0.7625212883660927,0.2829861944777911,0.01,linear_then_rolling_max,full_s42,full,806,0,72,42
eval_ai_dilemmas,0.6181877162629759,0.6838235294117647,0.0,0.01,linear_then_rolling_max,near_s101,near,725,81,72,101
eval_ant_hh,0.679772777901537,0.5970149253731343,0.0,0.01,linear_then_rolling_max,near_s101,near,725,81,72,101
eval_balanced_refusal,0.8375,0.8375,0.0,0.01,linear_then_rolling_max,near_s101,near,725,81,72,101
eval_daily_dilemmas,0.8672428154935443,0.8214285714285714,0.5612244897959183,0.01,linear_then_rolling_max,near_s101,near,725,81,72,101
mean,0.7506758274145143,0.7349417565533676,0.1403061224489795,0.01,linear_then_rolling_max,near_s101,near,725,81,72,101
eval_ai_dilemmas,0.663386678200692,0.6323529411764706,0.3970588235294117,0.01,linear_then_rolling_max,near_s202,near,725,81,72,202
eval_ant_hh,0.7101804410781911,0.5671641791044776,0.1791044776119403,0.01,linear_then_rolling_max,near_s202,near,725,81,72,202
eval_balanced_refusal,0.923725,0.925,0.195,0.01,linear_then_rolling_max,near_s202,near,725,81,72,202
eval_daily_dilemmas,0.9045710120783006,0.8469387755102041,0.3775510204081632,0.01,linear_then_rolling_max,near_s202,near,725,81,72,202
mean,0.800465782839296,0.742863973947788,0.2871785803873788,0.01,linear_then_rolling_max,near_s202,near,725,81,72,202
eval_ai_dilemmas,0.6774437716262975,0.7058823529411765,0.4264705882352941,0.01,linear_then_rolling_max,near_s303,near,725,81,72,303
eval_ant_hh,0.6860102472711072,0.5746268656716418,0.0,0.01,linear_then_rolling_max,near_s303,near,725,81,72,303
eval_balanced_refusal,0.9158499999999998,0.9175,0.18,0.01,linear_then_rolling_max,near_s303,near,725,81,72,303
eval_daily_dilemmas,0.8874427321949188,0.8418367346938775,0.3775510204081632,0.01,linear_then_rolling_max,near_s303,near,725,81,72,303
mean,0.7916866877730808,0.759961488326674,0.2460054021608643,0.01,linear_then_rolling_max,near_s303,near,725,81,72,303
eval_ai_dilemmas,0.6698745674740485,0.7132352941176471,0.4558823529411764,0.01,linear_then_rolling_max,near_s404,near,725,81,72,404
eval_ant_hh,0.7073958565382046,0.6119402985074627,0.2238805970149253,0.01,linear_then_rolling_max,near_s404,near,725,81,72,404
eval_balanced_refusal,0.8934375,0.895,0.17,0.01,linear_then_rolling_max,near_s404,near,725,81,72,404
eval_daily_dilemmas,0.888067471886714,0.8622448979591837,0.3673469387755102,0.01,linear_then_rolling_max,near_s404,near,725,81,72,404
mean,0.7896938489747418,0.7706051226460733,0.304277472182903,0.01,linear_then_rolling_max,near_s404,near,725,81,72,404
eval_ai_dilemmas,0.7014489619377162,0.6323529411764706,0.4264705882352941,0.01,linear_then_rolling_max,near_s42,near,725,81,72,42
eval_ant_hh,0.6922477166406773,0.5895522388059702,0.1641791044776119,0.01,linear_then_rolling_max,near_s42,near,725,81,72,42
eval_balanced_refusal,0.9317,0.9325,0.285,0.01,linear_then_rolling_max,near_s42,near,725,81,72,42
eval_daily_dilemmas,0.9266451478550604,0.8877551020408163,0.5,0.01,linear_then_rolling_max,near_s42,near,725,81,72,42
mean,0.8130104566083635,0.7605400705058143,0.3439124231782265,0.01,linear_then_rolling_max,near_s42,near,725,81,72,42
eval_ai_dilemmas,0.6778762975778546,0.7058823529411765,0.4264705882352941,0.01,linear_then_rolling_max,neardraw_d0_s101,neardraw,725,81,72,101
eval_ant_hh,0.7067275562486077,0.6194029850746269,0.0,0.01,linear_then_rolling_max,neardraw_d0_s101,neardraw,725,81,72,101
eval_balanced_refusal,0.9307875,0.9325,0.185,0.01,linear_then_rolling_max,neardraw_d0_s101,neardraw,725,81,72,101
eval_daily_dilemmas,0.8833819241982508,0.8469387755102041,0.4285714285714285,0.01,linear_then_rolling_max,neardraw_d0_s101,neardraw,725,81,72,101
mean,0.7996933195061783,0.7761810283815019,0.2600105042016806,0.01,linear_then_rolling_max,neardraw_d0_s101,neardraw,725,81,72,101
eval_ai_dilemmas,0.744485294117647,0.6985294117647058,0.5,0.01,linear_then_rolling_max,neardraw_d0_s202,neardraw,725,81,72,202
eval_ant_hh,0.7092893740253954,0.5895522388059702,0.0,0.01,linear_then_rolling_max,neardraw_d0_s202,neardraw,725,81,72,202
eval_balanced_refusal,0.9562125,0.9575,0.205,0.01,linear_then_rolling_max,neardraw_d0_s202,neardraw,725,81,72,202
eval_daily_dilemmas,0.9409100374843816,0.8979591836734694,0.336734693877551,0.01,linear_then_rolling_max,neardraw_d0_s202,neardraw,725,81,72,202
mean,0.8377243014068559,0.7858852085610364,0.2604336734693877,0.01,linear_then_rolling_max,neardraw_d0_s202,neardraw,725,81,72,202
eval_ai_dilemmas,0.66219723183391,0.6985294117647058,0.0,0.01,linear_then_rolling_max,neardraw_d0_s303,neardraw,725,81,72,303
eval_ant_hh,0.7097349075517932,0.664179104477612,0.0,0.01,linear_then_rolling_max,neardraw_d0_s303,neardraw,725,81,72,303
eval_balanced_refusal,0.8642249999999999,0.865,0.225,0.01,linear_then_rolling_max,neardraw_d0_s303,neardraw,725,81,72,303
eval_daily_dilemmas,0.8815077051228655,0.8418367346938775,0.3469387755102041,0.01,linear_then_rolling_max,neardraw_d0_s303,neardraw,725,81,72,303
mean,0.7794162111271421,0.7673863127340489,0.142984693877551,0.01,linear_then_rolling_max,neardraw_d0_s303,neardraw,725,81,72,303
eval_ai_dilemmas,0.7078287197231834,0.6470588235294118,0.4705882352941176,0.01,linear_then_rolling_max,neardraw_d0_s404,neardraw,725,81,72,404
eval_ant_hh,0.7119625751837826,0.6044776119402985,0.0,0.01,linear_then_rolling_max,neardraw_d0_s404,neardraw,725,81,72,404
eval_balanced_refusal,0.936275,0.9375,0.21,0.01,linear_then_rolling_max,neardraw_d0_s404,neardraw,725,81,72,404
eval_daily_dilemmas,0.9078508954602248,0.8469387755102041,0.2959183673469387,0.01,linear_then_rolling_max,neardraw_d0_s404,neardraw,725,81,72,404
mean,0.8159792975917977,0.7589938027449786,0.2441266506602641,0.01,linear_then_rolling_max,neardraw_d0_s404,neardraw,725,81,72,404
eval_ai_dilemmas,0.6691176470588235,0.7058823529411765,0.4411764705882353,0.01,linear_then_rolling_max,neardraw_d0_s42,neardraw,725,81,72,42
eval_ant_hh,0.7138560926709736,0.6343283582089553,0.2537313432835821,0.01,linear_then_rolling_max,neardraw_d0_s42,neardraw,725,81,72,42
eval_balanced_refusal,0.881825,0.8825,0.255,0.01,linear_then_rolling_max,neardraw_d0_s42,neardraw,725,81,72,42
eval_daily_dilemmas,0.8728134110787171,0.826530612244898,0.3775510204081632,0.01,linear_then_rolling_max,neardraw_d0_s42,neardraw,725,81,72,42
mean,0.7844030377021286,0.7623103308487574,0.3318647085699951,0.01,linear_then_rolling_max,neardraw_d0_s42,neardraw,725,81,72,42
eval_ai_dilemmas,0.6586288927335641,0.7205882352941176,0.0,0.01,linear_then_rolling_max,neardraw_d1_s42,neardraw,725,81,72,42
eval_ant_hh,0.7051681889062152,0.6268656716417911,0.0,0.01,linear_then_rolling_max,neardraw_d1_s42,neardraw,725,81,72,42
eval_balanced_refusal,0.8844375,0.885,0.275,0.01,linear_then_rolling_max,neardraw_d1_s42,neardraw,725,81,72,42
eval_daily_dilemmas,0.8726051645147854,0.8367346938775511,0.2551020408163265,0.01,linear_then_rolling_max,neardraw_d1_s42,neardraw,725,81,72,42
mean,0.7802099365386411,0.767297150203365,0.1325255102040816,0.01,linear_then_rolling_max,neardraw_d1_s42,neardraw,725,81,72,42
eval_ai_dilemmas,0.6493295847750865,0.7132352941176471,0.0735294117647058,0.01,linear_then_rolling_max,neardraw_d2_s42,neardraw,725,81,72,42
eval_ant_hh,0.7214301626197371,0.6417910447761194,0.0,0.01,linear_then_rolling_max,neardraw_d2_s42,neardraw,725,81,72,42
eval_balanced_refusal,0.8594125,0.86,0.27,0.01,linear_then_rolling_max,neardraw_d2_s42,neardraw,725,81,72,42
eval_daily_dilemmas,0.8889525197834236,0.8316326530612245,0.5408163265306123,0.01,linear_then_rolling_max,neardraw_d2_s42,neardraw,725,81,72,42
mean,0.7797811917945618,0.7616647479887477,0.2210864345738295,0.01,linear_then_rolling_max,neardraw_d2_s42,neardraw,725,81,72,42
eval_ai_dilemmas,0.6501946366782007,0.7132352941176471,0.0,0.01,linear_then_rolling_max,neardraw_d3_s42,neardraw,725,81,72,42
eval_ant_hh,0.7267765649365114,0.6343283582089553,0.208955223880597,0.01,linear_then_rolling_max,neardraw_d3_s42,neardraw,725,81,72,42
eval_balanced_refusal,0.8444875,0.845,0.25,0.01,linear_then_rolling_max,neardraw_d3_s42,neardraw,725,81,72,42
eval_daily_dilemmas,0.8840587255310287,0.8367346938775511,0.3979591836734694,0.01,linear_then_rolling_max,neardraw_d3_s42,neardraw,725,81,72,42
mean,0.7763793567864352,0.7573245865510383,0.2142286018885166,0.01,linear_then_rolling_max,neardraw_d3_s42,neardraw,725,81,72,42
eval_ai_dilemmas,0.6504108996539794,0.7058823529411765,0.3970588235294117,0.01,linear_then_rolling_max,neardraw_d4_s42,neardraw,725,81,72,42
eval_ant_hh,0.7282245488973045,0.6492537313432836,0.0,0.01,linear_then_rolling_max,neardraw_d4_s42,neardraw,725,81,72,42
eval_balanced_refusal,0.8512875,0.8525,0.225,0.01,linear_then_rolling_max,neardraw_d4_s42,neardraw,725,81,72,42
eval_daily_dilemmas,0.8750520616409829,0.8163265306122449,0.4591836734693877,0.01,linear_then_rolling_max,neardraw_d4_s42,neardraw,725,81,72,42
mean,0.7762437525480668,0.7559906537241763,0.2703106242496998,0.01,linear_then_rolling_max,neardraw_d4_s42,neardraw,725,81,72,42
eval_ai_dilemmas,0.6899870242214532,0.6323529411764706,0.0,0.01,linear_then_rolling_max,neardraw_d5_s42,neardraw,725,81,72,42
eval_ant_hh,0.7122967253285809,0.582089552238806,0.0,0.01,linear_then_rolling_max,neardraw_d5_s42,neardraw,725,81,72,42
eval_balanced_refusal,0.97,0.97,0.0,0.01,linear_then_rolling_max,neardraw_d5_s42,neardraw,725,81,72,42
eval_daily_dilemmas,0.9231049562682216,0.8673469387755102,0.4081632653061224,0.01,linear_then_rolling_max,neardraw_d5_s42,neardraw,725,81,72,42
mean,0.8238471764545638,0.7629473580476966,0.1020408163265306,0.01,linear_then_rolling_max,neardraw_d5_s42,neardraw,725,81,72,42
eval_ai_dilemmas,0.6842560553633218,0.6985294117647058,0.0,0.01,linear_then_rolling_max,neardraw_d6_s42,neardraw,725,81,72,42
eval_ant_hh,0.6899086656270884,0.5970149253731343,0.0,0.01,linear_then_rolling_max,neardraw_d6_s42,neardraw,725,81,72,42
eval_balanced_refusal,0.9357375,0.9375,0.175,0.01,linear_then_rolling_max,neardraw_d6_s42,neardraw,725,81,72,42
eval_daily_dilemmas,0.9067576009995836,0.8775510204081632,0.3469387755102041,0.01,linear_then_rolling_max,neardraw_d6_s42,neardraw,725,81,72,42
mean,0.8041649554974983,0.7776488393865008,0.130484693877551,0.01,linear_then_rolling_max,neardraw_d6_s42,neardraw,725,81,72,42
eval_ai_dilemmas,0.635705017301038,0.6911764705882353,0.0,0.01,linear_then_rolling_max,neardraw_d7_s42,neardraw,725,81,72,42
eval_ant_hh,0.697705502339051,0.6492537313432836,0.0,0.01,linear_then_rolling_max,neardraw_d7_s42,neardraw,725,81,72,42
eval_balanced_refusal,0.84215,0.8425,0.275,0.01,linear_then_rolling_max,neardraw_d7_s42,neardraw,725,81,72,42
eval_daily_dilemmas,0.8664618908788005,0.8010204081632653,0.0,0.01,linear_then_rolling_max,neardraw_d7_s42,neardraw,725,81,72,42
mean,0.7605056026297224,0.745987652523696,0.06875,0.01,linear_then_rolling_max,neardraw_d7_s42,neardraw,725,81,72,42
eval_ai_dilemmas,0.6543036332179931,0.6911764705882353,0.0,0.01,linear_then_rolling_max,neardraw_d8_s42,neardraw,725,81,72,42
eval_ant_hh,0.6857874805079083,0.6044776119402985,0.0,0.01,linear_then_rolling_max,neardraw_d8_s42,neardraw,725,81,72,42
eval_balanced_refusal,0.8720749999999999,0.8725,0.29,0.01,linear_then_rolling_max,neardraw_d8_s42,neardraw,725,81,72,42
eval_daily_dilemmas,0.8702623906705539,0.8367346938775511,0.3673469387755102,0.01,linear_then_rolling_max,neardraw_d8_s42,neardraw,725,81,72,42
mean,0.7706071260991139,0.7512221941015211,0.1643367346938775,0.01,linear_then_rolling_max,neardraw_d8_s42,neardraw,725,81,72,42
eval_ai_dilemmas,0.754325259515571,0.6764705882352942,0.3382352941176471,0.01,linear_then_rolling_max,neardraw_d9_s42,neardraw,725,81,72,42
eval_ant_hh,0.6990421029182445,0.5671641791044776,0.2238805970149253,0.01,linear_then_rolling_max,neardraw_d9_s42,neardraw,725,81,72,42
eval_balanced_refusal,0.9333375,0.935,0.21,0.01,linear_then_rolling_max,neardraw_d9_s42,neardraw,725,81,72,42
eval_daily_dilemmas,0.9425239483548522,0.8877551020408163,0.5816326530612245,0.01,linear_then_rolling_max,neardraw_d9_s42,neardraw,725,81,72,42
mean,0.832307202697167,0.766597467345147,0.3384371360484492,0.01,linear_then_rolling_max,neardraw_d9_s42,neardraw,725,81,72,42
eval_ai_dilemmas,0.8753243944636678,0.5514705882352942,0.0294117647058823,0.01,linear_then_softmax,far_s101,far,725,81,72,101
eval_ant_hh,0.7519492091779906,0.7014925373134329,0.0,0.01,linear_then_softmax,far_s101,far,725,81,72,101
eval_balanced_refusal,0.8746625,0.7575,0.71,0.01,linear_then_softmax,far_s101,far,725,81,72,101
eval_daily_dilemmas,0.9745418575593504,0.8367346938775511,0.4387755102040816,0.01,linear_then_softmax,far_s101,far,725,81,72,101
mean,0.8691194903002522,0.7117994548565696,0.294546818727491,0.01,linear_then_softmax,far_s101,far,725,81,72,101
eval_ai_dilemmas,0.9462586505190312,0.5955882352941176,0.0,0.01,linear_then_softmax,far_s202,far,725,81,72,202
eval_ant_hh,0.7368010692804634,0.7014925373134329,0.0,0.01,linear_then_softmax,far_s202,far,725,81,72,202
eval_balanced_refusal,0.8624875000000001,0.745,0.705,0.01,linear_then_softmax,far_s202,far,725,81,72,202
eval_daily_dilemmas,0.980164514785506,0.8112244897959183,0.3673469387755102,0.01,linear_then_softmax,far_s202,far,725,81,72,202
mean,0.8814279336462502,0.7133263156008672,0.2680867346938775,0.01,linear_then_softmax,far_s202,far,725,81,72,202
eval_ai_dilemmas,0.9820501730103808,0.7867647058823529,0.7941176470588235,0.01,linear_then_softmax,far_s303,far,725,81,72,303
eval_ant_hh,0.7547337937179773,0.6492537313432836,0.0,0.01,linear_then_softmax,far_s303,far,725,81,72,303
eval_balanced_refusal,0.859875,0.725,0.645,0.01,linear_then_softmax,far_s303,far,725,81,72,303
eval_daily_dilemmas,0.980268638067472,0.8826530612244898,0.4081632653061224,0.01,linear_then_softmax,far_s303,far,725,81,72,303
mean,0.8942319011989575,0.7609178746125316,0.4618202280912364,0.01,linear_then_softmax,far_s303,far,725,81,72,303
eval_ai_dilemmas,0.984537197231834,0.7720588235294118,0.8382352941176471,0.01,linear_then_softmax,far_s404,far,725,81,72,404
eval_ant_hh,0.752283359322789,0.6865671641791045,0.0,0.01,linear_then_softmax,far_s404,far,725,81,72,404
eval_balanced_refusal,0.8624124999999999,0.7475,0.63,0.01,linear_then_softmax,far_s404,far,725,81,72,404
eval_daily_dilemmas,0.9834964598084132,0.8469387755102041,0.3673469387755102,0.01,linear_then_softmax,far_s404,far,725,81,72,404
mean,0.8956823790907591,0.7632661908046802,0.4588955582232893,0.01,linear_then_softmax,far_s404,far,725,81,72,404
eval_ai_dilemmas,0.9316608996539792,0.6029411764705882,0.3235294117647059,0.01,linear_then_softmax,far_s42,far,725,81,72,42
eval_ant_hh,0.7528402762307864,0.6716417910447762,0.0,0.01,linear_then_softmax,far_s42,far,725,81,72,42
eval_balanced_refusal,0.863125,0.7375,0.665,0.01,linear_then_softmax,far_s42,far,725,81,72,42
eval_daily_dilemmas,0.9773531861724282,0.8316326530612245,0.4081632653061224,0.01,linear_then_softmax,far_s42,far,725,81,72,42
mean,0.8812448405142984,0.7109289051441472,0.3491731692677071,0.01,linear_then_softmax,far_s42,far,725,81,72,42
eval_ai_dilemmas,0.89435553633218,0.5735294117647058,0.3970588235294117,0.01,linear_then_softmax,full_s101,full,806,0,72,101
eval_ant_hh,0.7797950545778569,0.7089552238805971,0.0,0.01,linear_then_softmax,full_s101,full,806,0,72,101
eval_balanced_refusal,0.8003374999999999,0.7525,0.63,0.01,linear_then_softmax,full_s101,full,806,0,72,101
eval_daily_dilemmas,0.9803206997084548,0.8571428571428571,0.5102040816326531,0.01,linear_then_softmax,full_s101,full,806,0,72,101
mean,0.8637021976546229,0.72303187319704,0.3843157262905162,0.01,linear_then_softmax,full_s101,full,806,0,72,101
eval_ai_dilemmas,0.9151167820069204,0.5294117647058824,0.2941176470588235,0.01,linear_then_softmax,full_s202,full,806,0,72,202
eval_ant_hh,0.7624192470483404,0.7164179104477612,0.0,0.01,linear_then_softmax,full_s202,full,806,0,72,202
eval_balanced_refusal,0.8447875,0.7625,0.74,0.01,linear_then_softmax,full_s202,full,806,0,72,202
eval_daily_dilemmas,0.9769366930445648,0.7959183673469388,0.3265306122448979,0.01,linear_then_softmax,full_s202,full,806,0,72,202
mean,0.8748150555249564,0.7010620106251455,0.3401620648259303,0.01,linear_then_softmax,full_s202,full,806,0,72,202
eval_ai_dilemmas,0.848507785467128,0.5735294117647058,0.0,0.01,linear_then_softmax,full_s303,full,806,0,72,303
eval_ant_hh,0.7617509467587437,0.6716417910447762,0.0,0.01,linear_then_softmax,full_s303,full,806,0,72,303
eval_balanced_refusal,0.761175,0.7225,0.61,0.01,linear_then_softmax,full_s303,full,806,0,72,303
eval_daily_dilemmas,0.9748021657642648,0.8163265306122449,0.4897959183673469,0.01,linear_then_softmax,full_s303,full,806,0,72,303
mean,0.8365589744975341,0.6959994333554318,0.2749489795918367,0.01,linear_then_softmax,full_s303,full,806,0,72,303
eval_ai_dilemmas,0.9697231833910036,0.6029411764705882,0.6470588235294118,0.01,linear_then_softmax,full_s404,full,806,0,72,404
eval_ant_hh,0.731900200490087,0.6940298507462687,0.0,0.01,linear_then_softmax,full_s404,full,806,0,72,404
eval_balanced_refusal,0.8312124999999999,0.755,0.725,0.01,linear_then_softmax,full_s404,full,806,0,72,404
eval_daily_dilemmas,0.981518117451062,0.7704081632653061,0.3979591836734694,0.01,linear_then_softmax,full_s404,full,806,0,72,404
mean,0.8785885003330381,0.7055947976205408,0.4425045018007203,0.01,linear_then_softmax,full_s404,full,806,0,72,404
eval_ai_dilemmas,0.9955666089965398,0.7573529411764706,0.8823529411764706,0.01,linear_then_softmax,full_s42,full,806,0,72,42
eval_ant_hh,0.7433726887948319,0.664179104477612,0.0,0.01,linear_then_softmax,full_s42,full,806,0,72,42
eval_balanced_refusal,0.834875,0.745,0.695,0.01,linear_then_softmax,full_s42,full,806,0,72,42
eval_daily_dilemmas,0.9780299875052062,0.7959183673469388,0.3571428571428571,0.01,linear_then_softmax,full_s42,full,806,0,72,42
mean,0.8879610713241445,0.7406126032502554,0.4836239495798319,0.01,linear_then_softmax,full_s42,full,806,0,72,42
eval_ai_dilemmas,0.971128892733564,0.6323529411764706,0.7352941176470589,0.01,linear_then_softmax,near_s101,near,725,81,72,101
eval_ant_hh,0.7591891289819559,0.7089552238805971,0.0,0.01,linear_then_softmax,near_s101,near,725,81,72,101
eval_balanced_refusal,0.8435750000000001,0.7675,0.69,0.01,linear_then_softmax,near_s101,near,725,81,72,101
eval_daily_dilemmas,0.9811016243231988,0.8520408163265306,0.4387755102040816,0.01,linear_then_softmax,near_s101,near,725,81,72,101
mean,0.8887486615096797,0.7402122453458996,0.4660174069627851,0.01,linear_then_softmax,near_s101,near,725,81,72,101
eval_ai_dilemmas,0.995242214532872,0.7647058823529411,0.9264705882352942,0.01,linear_then_softmax,near_s202,near,725,81,72,202
eval_ant_hh,0.7413677879260414,0.6567164179104478,0.0,0.01,linear_then_softmax,near_s202,near,725,81,72,202
eval_balanced_refusal,0.9151625,0.7375,0.745,0.01,linear_then_softmax,near_s202,near,725,81,72,202
eval_daily_dilemmas,0.9843815077051228,0.8775510204081632,0.5816326530612245,0.01,linear_then_softmax,near_s202,near,725,81,72,202
mean,0.909038502541009,0.759118330167888,0.5632758103241297,0.01,linear_then_softmax,near_s202,near,725,81,72,202
eval_ai_dilemmas,0.8715397923875432,0.5,0.2794117647058823,0.01,linear_then_softmax,near_s303,near,725,81,72,303
eval_ant_hh,0.7471597237692136,0.6791044776119403,0.0,0.01,linear_then_softmax,near_s303,near,725,81,72,303
eval_balanced_refusal,0.79315,0.7475,0.665,0.01,linear_then_softmax,near_s303,near,725,81,72,303
eval_daily_dilemmas,0.9685027072053312,0.7295918367346939,0.5816326530612245,0.01,linear_then_softmax,near_s303,near,725,81,72,303
mean,0.8450880558405219,0.6640490785866586,0.3815111044417767,0.01,linear_then_softmax,near_s303,near,725,81,72,303
eval_ai_dilemmas,0.9690743944636678,0.5808823529411765,0.5735294117647058,0.01,linear_then_softmax,near_s404,near,725,81,72,404
eval_ant_hh,0.7607484963243484,0.6716417910447762,0.0,0.01,linear_then_softmax,near_s404,near,725,81,72,404
eval_balanced_refusal,0.8099875,0.75,0.615,0.01,linear_then_softmax,near_s404,near,725,81,72,404
eval_daily_dilemmas,0.9776134943773428,0.7908163265306123,0.3163265306122449,0.01,linear_then_softmax,near_s404,near,725,81,72,404
mean,0.8793559712913398,0.6983351176291412,0.3762139855942377,0.01,linear_then_softmax,near_s404,near,725,81,72,404
eval_ai_dilemmas,0.8380190311418686,0.5294117647058824,0.2352941176470588,0.01,linear_then_softmax,near_s42,near,725,81,72,42
eval_ant_hh,0.774782802405881,0.664179104477612,0.0,0.01,linear_then_softmax,near_s42,near,725,81,72,42
eval_balanced_refusal,0.8345625,0.7325,0.61,0.01,linear_then_softmax,near_s42,near,725,81,72,42
eval_daily_dilemmas,0.9674614743856726,0.7857142857142857,0.5612244897959183,0.01,linear_then_softmax,near_s42,near,725,81,72,42
mean,0.8537064519833556,0.677951288724445,0.3516296518607442,0.01,linear_then_softmax,near_s42,near,725,81,72,42
eval_ai_dilemmas,0.9540441176470588,0.6691176470588235,0.4117647058823529,0.01,linear_then_softmax,neardraw_d0_s101,neardraw,725,81,72,101
eval_ant_hh,0.757295611494765,0.6791044776119403,0.0,0.01,linear_then_softmax,neardraw_d0_s101,neardraw,725,81,72,101
eval_balanced_refusal,0.8799124999999999,0.7325,0.68,0.01,linear_then_softmax,neardraw_d0_s101,neardraw,725,81,72,101
eval_daily_dilemmas,0.9796959600166596,0.8418367346938775,0.4795918367346938,0.01,linear_then_softmax,neardraw_d0_s101,neardraw,725,81,72,101
mean,0.8927370472896208,0.7306397148411603,0.3928391356542617,0.01,linear_then_softmax,neardraw_d0_s101,neardraw,725,81,72,101
eval_ai_dilemmas,0.953719723183391,0.6102941176470589,0.6176470588235294,0.01,linear_then_softmax,neardraw_d0_s202,neardraw,725,81,72,202
eval_ant_hh,0.735018935174872,0.7089552238805971,0.0,0.01,linear_then_softmax,neardraw_d0_s202,neardraw,725,81,72,202
eval_balanced_refusal,0.8878999999999999,0.765,0.725,0.01,linear_then_softmax,neardraw_d0_s202,neardraw,725,81,72,202
eval_daily_dilemmas,0.983548521449396,0.8571428571428571,0.6326530612244898,0.01,linear_then_softmax,neardraw_d0_s202,neardraw,725,81,72,202
mean,0.8900467949519147,0.7353480496676283,0.4938250300120048,0.01,linear_then_softmax,neardraw_d0_s202,neardraw,725,81,72,202
eval_ai_dilemmas,0.9609645328719724,0.7426470588235294,0.7352941176470589,0.01,linear_then_softmax,neardraw_d0_s303,neardraw,725,81,72,303
eval_ant_hh,0.7471597237692138,0.7089552238805971,0.0,0.01,linear_then_softmax,neardraw_d0_s303,neardraw,725,81,72,303
eval_balanced_refusal,0.9159125,0.7675,0.69,0.01,linear_then_softmax,neardraw_d0_s303,neardraw,725,81,72,303
eval_daily_dilemmas,0.9827675968346522,0.8367346938775511,0.5510204081632653,0.01,linear_then_softmax,neardraw_d0_s303,neardraw,725,81,72,303
mean,0.9017010883689596,0.7639592441454195,0.494078631452581,0.01,linear_then_softmax,neardraw_d0_s303,neardraw,725,81,72,303
eval_ai_dilemmas,0.9705882352941176,0.6985294117647058,0.6323529411764706,0.01,linear_then_softmax,neardraw_d0_s404,neardraw,725,81,72,404
eval_ant_hh,0.7351303185564715,0.7238805970149254,0.0,0.01,linear_then_softmax,neardraw_d0_s404,neardraw,725,81,72,404
eval_balanced_refusal,0.8783999999999998,0.7825,0.67,0.01,linear_then_softmax,neardraw_d0_s404,neardraw,725,81,72,404
eval_daily_dilemmas,0.985006247396918,0.8214285714285714,0.4081632653061224,0.01,linear_then_softmax,neardraw_d0_s404,neardraw,725,81,72,404
mean,0.8922812003118766,0.7565846450520506,0.4276290516206482,0.01,linear_then_softmax,neardraw_d0_s404,neardraw,725,81,72,404
eval_ai_dilemmas,0.9784818339100346,0.7573529411764706,0.8823529411764706,0.01,linear_then_softmax,neardraw_d0_s42,neardraw,725,81,72,42
eval_ant_hh,0.736244152372466,0.7313432835820896,0.0,0.01,linear_then_softmax,neardraw_d0_s42,neardraw,725,81,72,42
eval_balanced_refusal,0.92205,0.7825,0.775,0.01,linear_then_softmax,neardraw_d0_s42,neardraw,725,81,72,42
eval_daily_dilemmas,0.9852144939608496,0.8214285714285714,0.5918367346938775,0.01,linear_then_softmax,neardraw_d0_s42,neardraw,725,81,72,42
mean,0.9054976200608376,0.7731561990467828,0.562297418967587,0.01,linear_then_softmax,neardraw_d0_s42,neardraw,725,81,72,42
eval_ai_dilemmas,0.9195501730103806,0.5514705882352942,0.3235294117647059,0.01,linear_then_softmax,neardraw_d1_s42,neardraw,725,81,72,42
eval_ant_hh,0.736466919135665,0.7014925373134329,0.0,0.01,linear_then_softmax,neardraw_d1_s42,neardraw,725,81,72,42
eval_balanced_refusal,0.8169875,0.7675,0.685,0.01,linear_then_softmax,neardraw_d1_s42,neardraw,725,81,72,42
eval_daily_dilemmas,0.9778738025822574,0.8214285714285714,0.5816326530612245,0.01,linear_then_softmax,neardraw_d1_s42,neardraw,725,81,72,42
mean,0.8627195986820757,0.7104729242443246,0.3975405162064825,0.01,linear_then_softmax,neardraw_d1_s42,neardraw,725,81,72,42
eval_ai_dilemmas,0.953287197231834,0.5220588235294118,0.5147058823529411,0.01,linear_then_softmax,neardraw_d2_s42,neardraw,725,81,72,42
eval_ant_hh,0.7290042325685008,0.6865671641791045,0.0,0.01,linear_then_softmax,neardraw_d2_s42,neardraw,725,81,72,42
eval_balanced_refusal,0.8072,0.77,0.72,0.01,linear_then_softmax,neardraw_d2_s42,neardraw,725,81,72,42
eval_daily_dilemmas,0.9803727613494376,0.8214285714285714,0.5510204081632653,0.01,linear_then_softmax,neardraw_d2_s42,neardraw,725,81,72,42
mean,0.8674660477874431,0.700013639784272,0.4464315726290516,0.01,linear_then_softmax,neardraw_d2_s42,neardraw,725,81,72,42
eval_ai_dilemmas,0.8660250865051903,0.5294117647058824,0.2941176470588235,0.01,linear_then_softmax,neardraw_d3_s42,neardraw,725,81,72,42
eval_ant_hh,0.7386945867676542,0.7089552238805971,0.0,0.01,linear_then_softmax,neardraw_d3_s42,neardraw,725,81,72,42
eval_balanced_refusal,0.8236499999999999,0.7775,0.69,0.01,linear_then_softmax,neardraw_d3_s42,neardraw,725,81,72,42
eval_daily_dilemmas,0.9800083298625574,0.8214285714285714,0.4489795918367347,0.01,linear_then_softmax,neardraw_d3_s42,neardraw,725,81,72,42
mean,0.8520945007838504,0.7093238900037626,0.3582743097238896,0.01,linear_then_softmax,neardraw_d3_s42,neardraw,725,81,72,42
eval_ai_dilemmas,0.9182525951557092,0.5147058823529411,0.3382352941176471,0.01,linear_then_softmax,neardraw_d4_s42,neardraw,725,81,72,42
eval_ant_hh,0.767097349075518,0.7313432835820896,0.0,0.01,linear_then_softmax,neardraw_d4_s42,neardraw,725,81,72,42
eval_balanced_refusal,0.7914875,0.7725,0.61,0.01,linear_then_softmax,neardraw_d4_s42,neardraw,725,81,72,42
eval_daily_dilemmas,0.9742294877134526,0.8214285714285714,0.3673469387755102,0.01,linear_then_softmax,neardraw_d4_s42,neardraw,725,81,72,42
mean,0.86276673298617,0.7099944343409006,0.3288955582232893,0.01,linear_then_softmax,neardraw_d4_s42,neardraw,725,81,72,42
eval_ai_dilemmas,0.9930795847750864,0.5735294117647058,0.7058823529411765,0.01,linear_then_softmax,neardraw_d5_s42,neardraw,725,81,72,42
eval_ant_hh,0.718534194698151,0.664179104477612,0.0,0.01,linear_then_softmax,neardraw_d5_s42,neardraw,725,81,72,42
eval_balanced_refusal,0.792575,0.73,0.645,0.01,linear_then_softmax,neardraw_d5_s42,neardraw,725,81,72,42
eval_daily_dilemmas,0.9820907955018744,0.7806122448979592,0.4897959183673469,0.01,linear_then_softmax,neardraw_d5_s42,neardraw,725,81,72,42
mean,0.8715698937437779,0.6870801902850693,0.4601695678271309,0.01,linear_then_softmax,neardraw_d5_s42,neardraw,725,81,72,42
eval_ai_dilemmas,0.9724264705882352,0.6470588235294118,0.6176470588235294,0.01,linear_then_softmax,neardraw_d6_s42,neardraw,725,81,72,42
eval_ant_hh,0.7281131655157052,0.7164179104477612,0.0,0.01,linear_then_softmax,neardraw_d6_s42,neardraw,725,81,72,42
eval_balanced_refusal,0.837325,0.7775,0.71,0.01,linear_then_softmax,neardraw_d6_s42,neardraw,725,81,72,42
eval_daily_dilemmas,0.9825072886297376,0.8571428571428571,0.5816326530612245,0.01,linear_then_softmax,neardraw_d6_s42,neardraw,725,81,72,42
mean,0.8800929811834195,0.7495298977800076,0.4773199279711885,0.01,linear_then_softmax,neardraw_d6_s42,neardraw,725,81,72,42
eval_ai_dilemmas,0.9630190311418686,0.625,0.5735294117647058,0.01,linear_then_softmax,neardraw_d7_s42,neardraw,725,81,72,42
eval_ant_hh,0.7065047894854087,0.6865671641791045,0.0,0.01,linear_then_softmax,neardraw_d7_s42,neardraw,725,81,72,42
eval_balanced_refusal,0.8702374999999999,0.7675,0.735,0.01,linear_then_softmax,neardraw_d7_s42,neardraw,725,81,72,42
eval_daily_dilemmas,0.9845376926280716,0.8214285714285714,0.6326530612244898,0.01,linear_then_softmax,neardraw_d7_s42,neardraw,725,81,72,42
mean,0.8810747533138372,0.7251239339019189,0.4852956182472989,0.01,linear_then_softmax,neardraw_d7_s42,neardraw,725,81,72,42
eval_ai_dilemmas,0.9799956747404844,0.7058823529411765,0.6911764705882353,0.01,linear_then_softmax,neardraw_d8_s42,neardraw,725,81,72,42
eval_ant_hh,0.7467141902428158,0.6865671641791045,0.0,0.01,linear_then_softmax,neardraw_d8_s42,neardraw,725,81,72,42
eval_balanced_refusal,0.8503250000000001,0.755,0.655,0.01,linear_then_softmax,neardraw_d8_s42,neardraw,725,81,72,42
eval_daily_dilemmas,0.9853706788837984,0.8724489795918368,0.4897959183673469,0.01,linear_then_softmax,neardraw_d8_s42,neardraw,725,81,72,42
mean,0.8906013859667747,0.7549746241780294,0.4589930972388956,0.01,linear_then_softmax,neardraw_d8_s42,neardraw,725,81,72,42
eval_ai_dilemmas,0.9856185121107266,0.6544117647058824,0.5882352941176471,0.01,linear_then_softmax,neardraw_d9_s42,neardraw,725,81,72,42
eval_ant_hh,0.7451548229004233,0.6791044776119403,0.0,0.01,linear_then_softmax,neardraw_d9_s42,neardraw,725,81,72,42
eval_balanced_refusal,0.8528125000000001,0.7425,0.685,0.01,linear_then_softmax,neardraw_d9_s42,neardraw,725,81,72,42
eval_daily_dilemmas,0.984225322782174,0.8112244897959183,0.4591836734693877,0.01,linear_then_softmax,neardraw_d9_s42,neardraw,725,81,72,42
mean,0.891952789448331,0.7218101830284352,0.4331047418967587,0.01,linear_then_softmax,neardraw_d9_s42,neardraw,725,81,72,42
eval_ai_dilemmas,0.6327854671280277,0.5073529411764706,0.0,0.01,pre_mean,far_s101,far,725,81,72,101
eval_ant_hh,0.7850300735130319,0.7164179104477612,0.0,0.01,pre_mean,far_s101,far,725,81,72,101
eval_balanced_refusal,0.869075,0.77,0.0,0.01,pre_mean,far_s101,far,725,81,72,101
eval_daily_dilemmas,0.8124739691795085,0.7091836734693877,0.1428571428571428,0.01,pre_mean,far_s101,far,725,81,72,101
mean,0.774841127455142,0.6757386312734048,0.0357142857142857,0.01,pre_mean,far_s101,far,725,81,72,101
eval_ai_dilemmas,0.6317041522491349,0.5147058823529411,0.0,0.01,pre_mean,far_s202,far,725,81,72,202
eval_ant_hh,0.7768990866562708,0.7014925373134329,0.0,0.01,pre_mean,far_s202,far,725,81,72,202
eval_balanced_refusal,0.8738625,0.7625,0.28,0.01,pre_mean,far_s202,far,725,81,72,202
eval_daily_dilemmas,0.8096626405664306,0.7142857142857143,0.1428571428571428,0.01,pre_mean,far_s202,far,725,81,72,202
mean,0.773032094867959,0.673246033488022,0.1057142857142857,0.01,pre_mean,far_s202,far,725,81,72,202
eval_ai_dilemmas,0.630514705882353,0.5073529411764706,0.0,0.01,pre_mean,far_s303,far,725,81,72,303
eval_ant_hh,0.7705502339051014,0.6865671641791045,0.0,0.01,pre_mean,far_s303,far,725,81,72,303
eval_balanced_refusal,0.874325,0.775,0.3,0.01,pre_mean,far_s303,far,725,81,72,303
eval_daily_dilemmas,0.8119533527696793,0.7040816326530612,0.1428571428571428,0.01,pre_mean,far_s303,far,725,81,72,303
mean,0.7718358231392835,0.6682504345021592,0.1107142857142857,0.01,pre_mean,far_s303,far,725,81,72,303
eval_ai_dilemmas,0.625,0.5,0.0,0.01,pre_mean,far_s404,far,725,81,72,404
eval_ant_hh,0.7852528402762308,0.7238805970149254,0.0,0.01,pre_mean,far_s404,far,725,81,72,404
eval_balanced_refusal,0.8687625,0.775,0.0,0.01,pre_mean,far_s404,far,725,81,72,404
eval_daily_dilemmas,0.8108079966680549,0.6989795918367347,0.1530612244897959,0.01,pre_mean,far_s404,far,725,81,72,404
mean,0.7724558342360713,0.674465047212915,0.0382653061224489,0.01,pre_mean,far_s404,far,725,81,72,404
eval_ai_dilemmas,0.6232698961937717,0.5,0.0,0.01,pre_mean,far_s42,far,725,81,72,42
eval_ant_hh,0.7805747382490533,0.7089552238805971,0.0,0.01,pre_mean,far_s42,far,725,81,72,42
eval_balanced_refusal,0.8699749999999999,0.7675,0.0,0.01,pre_mean,far_s42,far,725,81,72,42
eval_daily_dilemmas,0.8102353186172429,0.6938775510204082,0.0,0.01,pre_mean,far_s42,far,725,81,72,42
mean,0.771013738265017,0.6675831937252513,0.0,0.01,pre_mean,far_s42,far,725,81,72,42
eval_ai_dilemmas,0.6243512110726643,0.5073529411764706,0.0,0.01,pre_mean,full_s101,full,806,0,72,101
eval_ant_hh,0.7953887280017822,0.7164179104477612,0.0,0.01,pre_mean,full_s101,full,806,0,72,101
eval_balanced_refusal,0.8743500000000001,0.7825,0.0,0.01,pre_mean,full_s101,full,806,0,72,101
eval_daily_dilemmas,0.7941482715535193,0.7040816326530612,0.0,0.01,pre_mean,full_s101,full,806,0,72,101
mean,0.7720595526569916,0.6775881210693231,0.0,0.01,pre_mean,full_s101,full,806,0,72,101
eval_ai_dilemmas,0.628135813148789,0.5073529411764706,0.0,0.01,pre_mean,full_s202,full,806,0,72,202
eval_ant_hh,0.7991757629761639,0.7089552238805971,0.0,0.01,pre_mean,full_s202,full,806,0,72,202
eval_balanced_refusal,0.8754875,0.7825,0.0,0.01,pre_mean,full_s202,full,806,0,72,202
eval_daily_dilemmas,0.7996668054977092,0.6989795918367347,0.0,0.01,pre_mean,full_s202,full,806,0,72,202
mean,0.7756164704056655,0.6744469392234507,0.0,0.01,pre_mean,full_s202,full,806,0,72,202
eval_ai_dilemmas,0.6272707612456747,0.5,0.0,0.01,pre_mean,full_s303,full,806,0,72,303
eval_ant_hh,0.8007351303185566,0.7238805970149254,0.0,0.01,pre_mean,full_s303,full,806,0,72,303
eval_balanced_refusal,0.86955,0.77,0.0,0.01,pre_mean,full_s303,full,806,0,72,303
eval_daily_dilemmas,0.7962307371928362,0.6887755102040817,0.0,0.01,pre_mean,full_s303,full,806,0,72,303
mean,0.7734466571892669,0.6706640268047518,0.0,0.01,pre_mean,full_s303,full,806,0,72,303
eval_ai_dilemmas,0.6254325259515571,0.5073529411764706,0.0,0.01,pre_mean,full_s404,full,806,0,72,404
eval_ant_hh,0.79583426152818,0.7014925373134329,0.0,0.01,pre_mean,full_s404,full,806,0,72,404
eval_balanced_refusal,0.8757874999999999,0.78,0.0,0.01,pre_mean,full_s404,full,806,0,72,404
eval_daily_dilemmas,0.7883173677634318,0.6989795918367347,0.0,0.01,pre_mean,full_s404,full,806,0,72,404
mean,0.7713429138107922,0.6719562675816595,0.0,0.01,pre_mean,full_s404,full,806,0,72,404
eval_ai_dilemmas,0.6331098615916955,0.5,0.0,0.01,pre_mean,full_s42,full,806,0,72,42
eval_ant_hh,0.7920472265537982,0.7014925373134329,0.0,0.01,pre_mean,full_s42,full,806,0,72,42
eval_balanced_refusal,0.8750875,0.775,0.0,0.01,pre_mean,full_s42,full,806,0,72,42
eval_daily_dilemmas,0.8009162848812994,0.7091836734693877,0.0,0.01,pre_mean,full_s42,full,806,0,72,42
mean,0.7752902182566982,0.6714190526957051,0.0,0.01,pre_mean,full_s42,full,806,0,72,42
eval_ai_dilemmas,0.6300821799307958,0.5,0.0,0.01,pre_mean,near_s101,near,725,81,72,101
eval_ant_hh,0.8000668300289597,0.7089552238805971,0.0,0.01,pre_mean,near_s101,near,725,81,72,101
eval_balanced_refusal,0.871175,0.7725,0.28,0.01,pre_mean,near_s101,near,725,81,72,101
eval_daily_dilemmas,0.8035714285714286,0.7142857142857143,0.0,0.01,pre_mean,near_s101,near,725,81,72,101
mean,0.7762238596327962,0.6739352345415779,0.07,0.01,pre_mean,near_s101,near,725,81,72,101
eval_ai_dilemmas,0.6169982698961938,0.5,0.0,0.01,pre_mean,near_s202,near,725,81,72,202
eval_ant_hh,0.792715526843395,0.7014925373134329,0.0,0.01,pre_mean,near_s202,near,725,81,72,202
eval_balanced_refusal,0.876225,0.7825,0.305,0.01,pre_mean,near_s202,near,725,81,72,202
eval_daily_dilemmas,0.8017492711370262,0.7040816326530612,0.0,0.01,pre_mean,near_s202,near,725,81,72,202
mean,0.7719220169691537,0.6720185424916235,0.07625,0.01,pre_mean,near_s202,near,725,81,72,202
eval_ai_dilemmas,0.6261894463667819,0.5,0.0,0.01,pre_mean,near_s303,near,725,81,72,303
eval_ant_hh,0.7976163956337714,0.7089552238805971,0.0,0.01,pre_mean,near_s303,near,725,81,72,303
eval_balanced_refusal,0.8738875,0.7775,0.0,0.01,pre_mean,near_s303,near,725,81,72,303
eval_daily_dilemmas,0.8031028738025823,0.7040816326530612,0.0,0.01,pre_mean,near_s303,near,725,81,72,303
mean,0.7751990539507839,0.6726342141334145,0.0,0.01,pre_mean,near_s303,near,725,81,72,303
eval_ai_dilemmas,0.6268382352941176,0.5,0.0,0.01,pre_mean,near_s404,near,725,81,72,404
eval_ant_hh,0.7914903096458009,0.7313432835820896,0.0,0.01,pre_mean,near_s404,near,725,81,72,404
eval_balanced_refusal,0.8790374999999999,0.7925,0.275,0.01,pre_mean,near_s404,near,725,81,72,404
eval_daily_dilemmas,0.799198250728863,0.6989795918367347,0.0,0.01,pre_mean,near_s404,near,725,81,72,404
mean,0.7741410739171954,0.6807057188547061,0.06875,0.01,pre_mean,near_s404,near,725,81,72,404
eval_ai_dilemmas,0.6239186851211073,0.5,0.0,0.01,pre_mean,near_s42,near,725,81,72,42
eval_ant_hh,0.7880374248162174,0.7164179104477612,0.0,0.01,pre_mean,near_s42,near,725,81,72,42
eval_balanced_refusal,0.8706625,0.775,0.0,0.01,pre_mean,near_s42,near,725,81,72,42
eval_daily_dilemmas,0.8001353602665555,0.7040816326530612,0.0,0.01,pre_mean,near_s42,near,725,81,72,42
mean,0.77068849255097,0.6738748857752055,0.0,0.01,pre_mean,near_s42,near,725,81,72,42
eval_ai_dilemmas,0.6391652249134948,0.5,0.0,0.01,pre_mean,neardraw_d0_s101,neardraw,725,81,72,101
eval_ant_hh,0.7940521274225885,0.6940298507462687,0.0,0.01,pre_mean,neardraw_d0_s101,neardraw,725,81,72,101
eval_balanced_refusal,0.87805,0.7875,0.0,0.01,pre_mean,neardraw_d0_s101,neardraw,725,81,72,101
eval_daily_dilemmas,0.8086734693877551,0.6989795918367347,0.0,0.01,pre_mean,neardraw_d0_s101,neardraw,725,81,72,101
mean,0.7799852054309596,0.6701273606457508,0.0,0.01,pre_mean,neardraw_d0_s101,neardraw,725,81,72,101
eval_ai_dilemmas,0.6347318339100346,0.5,0.0,0.01,pre_mean,neardraw_d0_s202,neardraw,725,81,72,202
eval_ant_hh,0.7958342615281799,0.7089552238805971,0.0,0.01,pre_mean,neardraw_d0_s202,neardraw,725,81,72,202
eval_balanced_refusal,0.8835999999999999,0.79,0.0,0.01,pre_mean,neardraw_d0_s202,neardraw,725,81,72,202
eval_daily_dilemmas,0.8041441066222407,0.6887755102040817,0.0,0.01,pre_mean,neardraw_d0_s202,neardraw,725,81,72,202
mean,0.7795775505151138,0.6719326835211697,0.0,0.01,pre_mean,neardraw_d0_s202,neardraw,725,81,72,202
eval_ai_dilemmas,0.6419766435986158,0.5,0.0,0.01,pre_mean,neardraw_d0_s303,neardraw,725,81,72,303
eval_ant_hh,0.7972822454889731,0.7089552238805971,0.0,0.01,pre_mean,neardraw_d0_s303,neardraw,725,81,72,303
eval_balanced_refusal,0.8779375,0.7875,0.0,0.01,pre_mean,neardraw_d0_s303,neardraw,725,81,72,303
eval_daily_dilemmas,0.8039879216992919,0.7091836734693877,0.0,0.01,pre_mean,neardraw_d0_s303,neardraw,725,81,72,303
mean,0.7802960776967202,0.6764097243374962,0.0,0.01,pre_mean,neardraw_d0_s303,neardraw,725,81,72,303
eval_ai_dilemmas,0.6302984429065744,0.5,0.0,0.01,pre_mean,neardraw_d0_s404,neardraw,725,81,72,404
eval_ant_hh,0.7947204277121854,0.6940298507462687,0.0,0.01,pre_mean,neardraw_d0_s404,neardraw,725,81,72,404
eval_balanced_refusal,0.8819374999999999,0.7875,0.0,0.01,pre_mean,neardraw_d0_s404,neardraw,725,81,72,404
eval_daily_dilemmas,0.7971678467305289,0.7142857142857143,0.0,0.01,pre_mean,neardraw_d0_s404,neardraw,725,81,72,404
mean,0.7760310543373221,0.6739538912579958,0.0,0.01,pre_mean,neardraw_d0_s404,neardraw,725,81,72,404
eval_ai_dilemmas,0.6294333910034602,0.5,0.0,0.01,pre_mean,neardraw_d0_s42,neardraw,725,81,72,42
eval_ant_hh,0.7947204277121853,0.7089552238805971,0.0,0.01,pre_mean,neardraw_d0_s42,neardraw,725,81,72,42
eval_balanced_refusal,0.8763625,0.79,0.0,0.01,pre_mean,neardraw_d0_s42,neardraw,725,81,72,42
eval_daily_dilemmas,0.8015930862140775,0.6989795918367347,0.0,0.01,pre_mean,neardraw_d0_s42,neardraw,725,81,72,42
mean,0.7755273512324308,0.674483703929333,0.0,0.01,pre_mean,neardraw_d0_s42,neardraw,725,81,72,42
eval_ai_dilemmas,0.6370025951557093,0.5,0.0,0.01,pre_mean,neardraw_d1_s42,neardraw,725,81,72,42
eval_ant_hh,0.7804633548674538,0.7014925373134329,0.0,0.01,pre_mean,neardraw_d1_s42,neardraw,725,81,72,42
eval_balanced_refusal,0.8841874999999999,0.79,0.315,0.01,pre_mean,neardraw_d1_s42,neardraw,725,81,72,42
eval_daily_dilemmas,0.7946688879633486,0.6989795918367347,0.0,0.01,pre_mean,neardraw_d1_s42,neardraw,725,81,72,42
mean,0.7740805844966279,0.6726180322875419,0.07875,0.01,pre_mean,neardraw_d1_s42,neardraw,725,81,72,42
eval_ai_dilemmas,0.6302984429065746,0.5,0.0,0.01,pre_mean,neardraw_d2_s42,neardraw,725,81,72,42
eval_ant_hh,0.803965248384941,0.7089552238805971,0.0,0.01,pre_mean,neardraw_d2_s42,neardraw,725,81,72,42
eval_balanced_refusal,0.8857999999999999,0.785,0.365,0.01,pre_mean,neardraw_d2_s42,neardraw,725,81,72,42
eval_daily_dilemmas,0.8072157434402332,0.7091836734693877,0.0,0.01,pre_mean,neardraw_d2_s42,neardraw,725,81,72,42
mean,0.7818198586829372,0.6757847243374963,0.09125,0.01,pre_mean,neardraw_d2_s42,neardraw,725,81,72,42
eval_ai_dilemmas,0.6539792387543253,0.5,0.0,0.01,pre_mean,neardraw_d3_s42,neardraw,725,81,72,42
eval_ant_hh,0.7913789262642014,0.746268656716418,0.0,0.01,pre_mean,neardraw_d3_s42,neardraw,725,81,72,42
eval_balanced_refusal,0.8875500000000001,0.7975,0.36,0.01,pre_mean,neardraw_d3_s42,neardraw,725,81,72,42
eval_daily_dilemmas,0.8056538942107455,0.7142857142857143,0.0,0.01,pre_mean,neardraw_d3_s42,neardraw,725,81,72,42
mean,0.784640514807318,0.689513592750533,0.09,0.01,pre_mean,neardraw_d3_s42,neardraw,725,81,72,42
eval_ai_dilemmas,0.6288927335640138,0.5073529411764706,0.0,0.01,pre_mean,neardraw_d4_s42,neardraw,725,81,72,42
eval_ant_hh,0.7957228781465805,0.7089552238805971,0.0,0.01,pre_mean,neardraw_d4_s42,neardraw,725,81,72,42
eval_balanced_refusal,0.88675,0.79,0.0,0.01,pre_mean,neardraw_d4_s42,neardraw,725,81,72,42
eval_daily_dilemmas,0.8080487296959601,0.7193877551020408,0.0,0.01,pre_mean,neardraw_d4_s42,neardraw,725,81,72,42
mean,0.7798535853516386,0.6814239800397771,0.0,0.01,pre_mean,neardraw_d4_s42,neardraw,725,81,72,42
eval_ai_dilemmas,0.640030276816609,0.5073529411764706,0.0,0.01,pre_mean,neardraw_d5_s42,neardraw,725,81,72,42
eval_ant_hh,0.7790153709066607,0.7089552238805971,0.0,0.01,pre_mean,neardraw_d5_s42,neardraw,725,81,72,42
eval_balanced_refusal,0.885325,0.78,0.345,0.01,pre_mean,neardraw_d5_s42,neardraw,725,81,72,42
eval_daily_dilemmas,0.8000832986255726,0.6989795918367347,0.0918367346938775,0.01,pre_mean,neardraw_d5_s42,neardraw,725,81,72,42
mean,0.7761134865872106,0.6738219392234506,0.1092091836734693,0.01,pre_mean,neardraw_d5_s42,neardraw,725,81,72,42
eval_ai_dilemmas,0.6445717993079585,0.5,0.0,0.01,pre_mean,neardraw_d6_s42,neardraw,725,81,72,42
eval_ant_hh,0.7923813766985967,0.7089552238805971,0.0,0.01,pre_mean,neardraw_d6_s42,neardraw,725,81,72,42
eval_balanced_refusal,0.8761625000000001,0.7725,0.325,0.01,pre_mean,neardraw_d6_s42,neardraw,725,81,72,42
eval_daily_dilemmas,0.8048729695960016,0.6989795918367347,0.0,0.01,pre_mean,neardraw_d6_s42,neardraw,725,81,72,42
mean,0.7794971614006392,0.670108703929333,0.08125,0.01,pre_mean,neardraw_d6_s42,neardraw,725,81,72,42
eval_ai_dilemmas,0.6220804498269896,0.5,0.0,0.01,pre_mean,neardraw_d7_s42,neardraw,725,81,72,42
eval_ant_hh,0.7826910224994431,0.7164179104477612,0.0,0.01,pre_mean,neardraw_d7_s42,neardraw,725,81,72,42
eval_balanced_refusal,0.8819125,0.79,0.335,0.01,pre_mean,neardraw_d7_s42,neardraw,725,81,72,42
eval_daily_dilemmas,0.8041961682632236,0.6989795918367347,0.0,0.01,pre_mean,neardraw_d7_s42,neardraw,725,81,72,42
mean,0.772720035147414,0.676349375571124,0.08375,0.01,pre_mean,neardraw_d7_s42,neardraw,725,81,72,42
eval_ai_dilemmas,0.6326773356401384,0.5,0.0,0.01,pre_mean,neardraw_d8_s42,neardraw,725,81,72,42
eval_ant_hh,0.7758966362218757,0.7164179104477612,0.0,0.01,pre_mean,neardraw_d8_s42,neardraw,725,81,72,42
eval_balanced_refusal,0.882,0.795,0.0,0.01,pre_mean,neardraw_d8_s42,neardraw,725,81,72,42
eval_daily_dilemmas,0.8151811745106206,0.7346938775510204,0.0,0.01,pre_mean,neardraw_d8_s42,neardraw,725,81,72,42
mean,0.7764387865931587,0.6865279469996953,0.0,0.01,pre_mean,neardraw_d8_s42,neardraw,725,81,72,42
eval_ai_dilemmas,0.6197015570934256,0.5,0.0,0.01,pre_mean,neardraw_d9_s42,neardraw,725,81,72,42
eval_ant_hh,0.797505012252172,0.7313432835820896,0.0,0.01,pre_mean,neardraw_d9_s42,neardraw,725,81,72,42
eval_balanced_refusal,0.8743749999999999,0.7725,0.285,0.01,pre_mean,neardraw_d9_s42,neardraw,725,81,72,42
eval_daily_dilemmas,0.7969075385256142,0.7091836734693877,0.0,0.01,pre_mean,neardraw_d9_s42,neardraw,725,81,72,42
mean,0.7721222769678029,0.6782567392628693,0.07125,0.01,pre_mean,neardraw_d9_s42,neardraw,725,81,72,42
eval_ai_dilemmas,0.6448961937716262,0.5,0.0,0.01,sklearn,far_s42,far,725,81,72,42
eval_ant_hh,0.7529516596123859,0.6791044776119403,0.0,0.01,sklearn,far_s42,far,725,81,72,42
eval_balanced_refusal,0.85935,0.7525,0.21,0.01,sklearn,far_s42,far,725,81,72,42
eval_daily_dilemmas,0.8390254060807997,0.75,0.1020408163265306,0.01,sklearn,far_s42,far,725,81,72,42
mean,0.7740558148662029,0.6704011194029851,0.0780102040816326,0.01,sklearn,far_s42,far,725,81,72,42
eval_ai_dilemmas,0.6511678200692042,0.5,0.0,0.01,sklearn,full_s42,full,806,0,72,42
eval_ant_hh,0.7665404321675205,0.6940298507462687,0.0,0.01,sklearn,full_s42,full,806,0,72,42
eval_balanced_refusal,0.8695249999999999,0.77,0.265,0.01,sklearn,full_s42,full,806,0,72,42
eval_daily_dilemmas,0.8325697625989171,0.7193877551020408,0.1326530612244898,0.01,sklearn,full_s42,full,806,0,72,42
mean,0.7799507537089104,0.6708544014620773,0.0994132653061224,0.01,sklearn,full_s42,full,806,0,72,42
eval_ai_dilemmas,0.6498702422145329,0.5,0.0,0.01,sklearn,near_s42,near,725,81,72,42
eval_ant_hh,0.7825796391178436,0.6865671641791045,0.0,0.01,sklearn,near_s42,near,725,81,72,42
eval_balanced_refusal,0.8682000000000001,0.775,0.24,0.01,sklearn,near_s42,near,725,81,72,42
eval_daily_dilemmas,0.8343398583923365,0.7193877551020408,0.1224489795918367,0.01,sklearn,near_s42,near,725,81,72,42
mean,0.7837474349311784,0.6702387298202863,0.0906122448979591,0.01,sklearn,near_s42,near,725,81,72,42
eval_ai_dilemmas,0.6520328719723183,0.5,0.0,0.01,sklearn,neardraw_d0_s42,neardraw,725,81,72,42
eval_ant_hh,0.7772332368010694,0.6791044776119403,0.1044776119402985,0.01,sklearn,neardraw_d0_s42,neardraw,725,81,72,42
eval_balanced_refusal,0.8694,0.7825,0.23,0.01,sklearn,neardraw_d0_s42,neardraw,725,81,72,42
eval_daily_dilemmas,0.842253227821741,0.7295918367346939,0.0816326530612244,0.01,sklearn,neardraw_d0_s42,neardraw,725,81,72,42
mean,0.7852298341487821,0.6727990785866585,0.1040275662503807,0.01,sklearn,neardraw_d0_s42,neardraw,725,81,72,42
eval_ai_dilemmas,0.6498702422145328,0.5,0.0,0.01,sklearn,neardraw_d1_s42,neardraw,725,81,72,42
eval_ant_hh,0.7736689685898864,0.6716417910447762,0.1044776119402985,0.01,sklearn,neardraw_d1_s42,neardraw,725,81,72,42
eval_balanced_refusal,0.873,0.785,0.245,0.01,sklearn,neardraw_d1_s42,neardraw,725,81,72,42
eval_daily_dilemmas,0.8374635568513119,0.7244897959183674,0.0816326530612244,0.01,sklearn,neardraw_d1_s42,neardraw,725,81,72,42
mean,0.7835006919139328,0.6702828967407859,0.1077775662503807,0.01,sklearn,neardraw_d1_s42,neardraw,725,81,72,42
eval_ai_dilemmas,0.6492214532871973,0.5,0.0,0.01,sklearn,neardraw_d2_s42,neardraw,725,81,72,42
eval_ant_hh,0.7883715749610158,0.6791044776119403,0.1194029850746268,0.01,sklearn,neardraw_d2_s42,neardraw,725,81,72,42
eval_balanced_refusal,0.8707,0.775,0.225,0.01,sklearn,neardraw_d2_s42,neardraw,725,81,72,42
eval_daily_dilemmas,0.8381924198250729,0.7295918367346939,0.1122448979591836,0.01,sklearn,neardraw_d2_s42,neardraw,725,81,72,42
mean,0.7866213620183216,0.6709240785866586,0.1141619707584526,0.01,sklearn,neardraw_d2_s42,neardraw,725,81,72,42
eval_ai_dilemmas,0.6576557093425606,0.5,0.0,0.01,sklearn,neardraw_d3_s42,neardraw,725,81,72,42
eval_ant_hh,0.7819113388282468,0.6716417910447762,0.1044776119402985,0.01,sklearn,neardraw_d3_s42,neardraw,725,81,72,42
eval_balanced_refusal,0.8734999999999999,0.7825,0.235,0.01,sklearn,neardraw_d3_s42,neardraw,725,81,72,42
eval_daily_dilemmas,0.8404831320283215,0.7295918367346939,0.0,0.01,sklearn,neardraw_d3_s42,neardraw,725,81,72,42
mean,0.7883875450497821,0.6709334069448675,0.0848694029850746,0.01,sklearn,neardraw_d3_s42,neardraw,725,81,72,42
eval_ai_dilemmas,0.6503027681660899,0.5,0.0441176470588235,0.01,sklearn,neardraw_d4_s42,neardraw,725,81,72,42
eval_ant_hh,0.7863666740922255,0.6716417910447762,0.1044776119402985,0.01,sklearn,neardraw_d4_s42,neardraw,725,81,72,42
eval_balanced_refusal,0.8718500000000001,0.78,0.205,0.01,sklearn,neardraw_d4_s42,neardraw,725,81,72,42
eval_daily_dilemmas,0.844335693461058,0.7244897959183674,0.1224489795918367,0.01,sklearn,neardraw_d4_s42,neardraw,725,81,72,42
mean,0.7882137839298434,0.6690328967407859,0.1190110596477397,0.01,sklearn,neardraw_d4_s42,neardraw,725,81,72,42
eval_ai_dilemmas,0.6511678200692042,0.5,0.0,0.01,sklearn,neardraw_d5_s42,neardraw,725,81,72,42
eval_ant_hh,0.7738917353530853,0.6716417910447762,0.1194029850746268,0.01,sklearn,neardraw_d5_s42,neardraw,725,81,72,42
eval_balanced_refusal,0.87195,0.7775,0.21,0.01,sklearn,neardraw_d5_s42,neardraw,725,81,72,42
eval_daily_dilemmas,0.8357975843398584,0.7295918367346939,0.0816326530612244,0.01,sklearn,neardraw_d5_s42,neardraw,725,81,72,42
mean,0.783201784940537,0.6696834069448674,0.1027589095339628,0.01,sklearn,neardraw_d5_s42,neardraw,725,81,72,42
eval_ai_dilemmas,0.6459775086505192,0.5,0.0,0.01,sklearn,neardraw_d6_s42,neardraw,725,81,72,42
eval_ant_hh,0.7792381376698596,0.6865671641791045,0.1044776119402985,0.01,sklearn,neardraw_d6_s42,neardraw,725,81,72,42
eval_balanced_refusal,0.8649,0.775,0.21,0.01,sklearn,neardraw_d6_s42,neardraw,725,81,72,42
eval_daily_dilemmas,0.8369429404414827,0.7295918367346939,0.0918367346938775,0.01,sklearn,neardraw_d6_s42,neardraw,725,81,72,42
mean,0.7817646466904653,0.6727897502284497,0.101578586658544,0.01,sklearn,neardraw_d6_s42,neardraw,725,81,72,42
eval_ai_dilemmas,0.6464100346020762,0.5,0.0588235294117647,0.01,sklearn,neardraw_d7_s42,neardraw,725,81,72,42
eval_ant_hh,0.7723323680106928,0.6791044776119403,0.0,0.01,sklearn,neardraw_d7_s42,neardraw,725,81,72,42
eval_balanced_refusal,0.8712,0.7725,0.225,0.01,sklearn,neardraw_d7_s42,neardraw,725,81,72,42
eval_daily_dilemmas,0.8431903373594336,0.7295918367346939,0.0918367346938775,0.01,sklearn,neardraw_d7_s42,neardraw,725,81,72,42
mean,0.7832831849930506,0.6702990785866585,0.0939150660264105,0.01,sklearn,neardraw_d7_s42,neardraw,725,81,72,42
eval_ai_dilemmas,0.6500865051903115,0.5,0.0,0.01,sklearn,neardraw_d8_s42,neardraw,725,81,72,42
eval_ant_hh,0.7647582980619292,0.664179104477612,0.1044776119402985,0.01,sklearn,neardraw_d8_s42,neardraw,725,81,72,42
eval_balanced_refusal,0.8758,0.7725,0.2,0.01,sklearn,neardraw_d8_s42,neardraw,725,81,72,42
eval_daily_dilemmas,0.8470428987921699,0.7295918367346939,0.1020408163265306,0.01,sklearn,neardraw_d8_s42,neardraw,725,81,72,42
mean,0.7844219255111027,0.6665677353030764,0.1016296070667072,0.01,sklearn,neardraw_d8_s42,neardraw,725,81,72,42
eval_ai_dilemmas,0.6524653979238755,0.5,0.0588235294117647,0.01,sklearn,neardraw_d9_s42,neardraw,725,81,72,42
eval_ant_hh,0.7705502339051015,0.6791044776119403,0.0,0.01,sklearn,neardraw_d9_s42,neardraw,725,81,72,42
eval_balanced_refusal,0.863925,0.775,0.275,0.01,sklearn,neardraw_d9_s42,neardraw,725,81,72,42
eval_daily_dilemmas,0.8361099541857558,0.7244897959183674,0.1020408163265306,0.01,sklearn,neardraw_d9_s42,neardraw,725,81,72,42
mean,0.7807626465036832,0.6696485683825769,0.1089660864345738,0.01,sklearn,neardraw_d9_s42,neardraw,725,81,72,42
